datahora,cpu_perc,cpu_freq,ram_perc,ram_usada,ram_livre,disco_perc,disco_usado,disco_livre,disco_total,disco_throughput,upload,download,network_total,conexoes,total_processos,identificador,hostname,empresa
2026-04-08 09:12:33,31.1,2400.0,51.6,8.71,8.18,75.1,384.06,127.01,511.06,0.09,0.01,0.01,0.02,88,256,Anderson,laptop-ANDERSON,empresaX
2026-04-08 09:13:33,37.3,2400.0,69.9,11.81,5.08,75.1,384.06,127.0,511.06,9.01,0.0,0.0,0.0,104,283,Anderson,laptop-ANDERSON,empresaX
2026-04-08 09:14:33,18.2,2400.0,60.2,10.18,6.72,75.0,383.39,127.68,511.06,5.03,0.02,0.96,0.98,200,301,Anderson,laptop-ANDERSON,empresaX
2026-04-08 09:15:33,5.1,2400.0,59.8,10.09,6.8,75.0,383.48,127.59,511.06,0.05,0.02,0.04,0.06,197,294,Anderson,laptop-ANDERSON,empresaX
2026-04-08 09:16:33,9.6,2400.0,59.5,10.06,6.83,75.0,383.48,127.58,511.06,0.01,0.0,0.0,0.0,171,293,Anderson,laptop-ANDERSON,empresaX
2026-04-08 09:17:33,8.7,2400.0,62.5,10.56,6.33,75.0,383.49,127.57,511.06,0.15,0.0,0.0,0.0,138,301,Anderson,laptop-ANDERSON,empresaX
2026-04-08 09:18:33,13.4,2400.0,67.7,11.43,5.46,75.0,383.38,127.69,511.06,1.91,0.0,0.0,0.0,203,309,Anderson,laptop-ANDERSON,empresaX
2026-04-08 09:19:33,10.2,2400.0,68.4,11.56,5.33,75.0,383.39,127.68,511.06,3.02,0.02,0.92,0.93,233,315,Anderson,laptop-ANDERSON,empresaX
2026-04-08 09:20:33,8.3,2400.0,67.6,11.42,5.47,75.0,383.35,127.71,511.06,0.0,0.0,0.0,0.0,175,312,Anderson,laptop-ANDERSON,empresaX
2026-04-08 09:21:33,14.6,2400.0,68.7,11.61,5.28,75.0,383.36,127.7,511.06,2.36,0.01,0.01,0.02,178,318,Anderson,laptop-ANDERSON,empresaX
2026-04-08 09:22:33,17.0,2400.0,68.5,11.56,5.33,75.0,383.36,127.7,511.06,0.22,0.0,0.01,0.01,139,314,Anderson,laptop-ANDERSON,empresaX
2026-04-08 09:23:33,15.3,2400.0,66.7,11.27,5.62,75.0,383.36,127.71,511.06,0.03,0.0,0.0,0.0,141,312,Anderson,laptop-ANDERSON,empresaX
2026-04-08 09:24:33,9.1,2400.0,67.4,11.39,5.5,75.0,383.36,127.7,511.06,1.05,0.0,0.0,0.0,144,315,Anderson,laptop-ANDERSON,empresaX
2026-04-08 09:25:33,7.9,2400.0,66.8,11.28,5.61,75.0,383.36,127.7,511.06,0.18,0.0,0.0,0.0,126,311,Anderson,laptop-ANDERSON,empresaX
2026-04-08 09:26:33,7.9,2400.0,66.6,11.25,5.64,75.0,383.36,127.7,511.06,0.01,0.0,0.0,0.0,114,309,Anderson,laptop-ANDERSON,empresaX
2026-04-08 09:27:33,7.4,2400.0,65.0,10.97,5.92,75.0,383.36,127.7,511.06,0.04,0.0,0.0,0.01,109,308,Anderson,laptop-ANDERSON,empresaX
2026-04-08 09:28:33,7.4,2400.0,64.8,10.94,5.95,75.0,383.36,127.71,511.06,0.0,0.0,0.0,0.0,106,306,Anderson,laptop-ANDERSON,empresaX
2026-04-08 09:29:33,5.8,2400.0,64.7,10.93,5.96,75.0,383.36,127.71,511.06,0.35,0.0,0.0,0.0,99,305,Anderson,laptop-ANDERSON,empresaX
2026-04-08 09:30:33,11.5,2400.0,65.8,11.12,5.77,75.0,383.36,127.7,511.06,0.0,0.0,0.01,0.01,116,307,Anderson,laptop-ANDERSON,empresaX
2026-04-08 09:31:33,17.1,2400.0,66.7,11.27,5.62,75.0,383.36,127.7,511.06,0.09,0.01,0.01,0.02,167,306,Anderson,laptop-ANDERSON,empresaX
2026-04-08 09:32:33,10.0,2400.0,64.6,10.91,5.98,75.0,383.36,127.7,511.06,0.01,0.0,0.0,0.0,164,307,Anderson,laptop-ANDERSON,empresaX
2026-04-08 09:33:33,6.7,2400.0,64.7,10.93,5.96,75.0,383.36,127.7,511.06,0.0,0.0,0.0,0.0,140,306,Anderson,laptop-ANDERSON,empresaX
2026-04-08 09:34:33,6.1,1520.0,65.1,11.0,5.89,75.0,383.36,127.7,511.06,0.05,0.01,0.0,0.01,147,306,Anderson,laptop-ANDERSON,empresaX
2026-04-08 09:35:33,9.0,2400.0,65.1,11.0,5.89,75.0,383.36,127.7,511.06,0.08,0.0,0.0,0.0,152,306,Anderson,laptop-ANDERSON,empresaX
2026-04-08 09:36:33,9.0,2400.0,66.9,11.31,5.58,75.0,383.37,127.7,511.06,0.21,0.02,0.02,0.04,189,315,Anderson,laptop-ANDERSON,empresaX
2026-04-08 09:37:33,12.2,2400.0,65.3,11.02,5.87,75.0,383.37,127.7,511.06,0.0,0.0,0.0,0.0,160,315,Anderson,laptop-ANDERSON,empresaX
2026-04-08 09:38:33,4.4,2400.0,65.1,10.99,5.9,75.0,383.37,127.7,511.06,0.0,0.0,0.0,0.0,147,313,Anderson,laptop-ANDERSON,empresaX
2026-04-08 09:39:33,5.3,2400.0,65.1,10.99,5.9,75.0,383.37,127.7,511.06,0.04,0.0,0.0,0.0,141,314,Anderson,laptop-ANDERSON,empresaX
2026-04-08 09:40:33,4.4,2400.0,64.9,10.96,5.93,75.0,383.37,127.7,511.06,0.07,0.0,0.0,0.0,133,310,Anderson,laptop-ANDERSON,empresaX
2026-04-08 09:41:33,10.1,2400.0,63.8,10.78,6.11,75.0,383.26,127.81,511.06,302.7,0.0,0.03,0.03,138,327,Anderson,laptop-ANDERSON,empresaX
2026-04-08 09:42:33,22.2,2400.0,63.6,10.75,6.14,75.0,383.26,127.81,511.06,7.8,0.0,0.0,0.0,118,322,Anderson,laptop-ANDERSON,empresaX
2026-04-08 09:43:33,11.2,1520.0,63.1,10.66,6.23,75.0,383.26,127.8,511.06,14.65,0.0,0.0,0.0,114,323,Anderson,laptop-ANDERSON,empresaX
2026-04-08 09:44:33,13.7,2400.0,62.7,10.59,6.3,75.0,383.26,127.8,511.06,0.05,0.0,0.0,0.0,106,323,Anderson,laptop-ANDERSON,empresaX
2026-04-08 09:45:33,13.5,2400.0,62.7,10.59,6.3,75.0,383.26,127.8,511.06,6.04,0.0,0.0,0.0,103,323,Anderson,laptop-ANDERSON,empresaX
2026-04-08 09:46:33,9.4,2400.0,62.7,10.59,6.3,75.0,383.46,127.61,511.06,2.45,0.0,0.0,0.0,101,318,Anderson,laptop-ANDERSON,empresaX
2026-04-08 09:47:33,12.4,2400.0,62.3,10.53,6.36,75.0,383.46,127.61,511.06,8.83,0.03,0.97,0.99,96,318,Anderson,laptop-ANDERSON,empresaX
2026-04-08 09:48:33,11.5,2400.0,62.5,10.55,6.34,75.0,383.45,127.61,511.06,1.69,0.0,0.0,0.0,97,321,Anderson,laptop-ANDERSON,empresaX
2026-04-08 09:49:33,9.0,2400.0,62.5,10.55,6.34,75.0,383.45,127.61,511.06,2.71,0.0,0.0,0.0,98,321,Anderson,laptop-ANDERSON,empresaX
2026-04-08 09:50:33,0.6,1520.0,62.4,10.54,6.35,75.0,383.45,127.61,511.06,0.0,0.0,0.0,0.0,96,316,Anderson,laptop-ANDERSON,empresaX
2026-04-08 09:51:33,12.8,2400.0,63.1,10.66,6.23,75.0,383.45,127.61,511.06,0.15,0.0,0.0,0.0,93,316,Anderson,laptop-ANDERSON,empresaX
2026-04-08 09:52:33,13.3,2400.0,61.9,10.46,6.43,75.0,383.46,127.6,511.06,0.38,0.0,0.0,0.0,92,316,Anderson,laptop-ANDERSON,empresaX
2026-04-08 09:58:10,8.4,2400.0,64.4,10.87,6.02,75.0,383.49,127.58,511.06,0.8,0.0,0.01,0.01,125,319,Anderson,laptop-ANDERSON,empresaX
2026-04-08 09:59:10,13.3,2400.0,62.4,10.55,6.34,75.0,383.51,127.55,511.06,0.81,0.0,0.01,0.01,140,309,Anderson,laptop-ANDERSON,empresaX
2026-04-08 10:00:10,20.1,2400.0,68.4,11.55,5.34,75.0,383.52,127.54,511.06,0.03,0.0,0.01,0.01,295,320,Anderson,laptop-ANDERSON,empresaX
2026-04-08 10:01:10,5.6,1520.0,65.7,11.09,5.8,75.0,383.52,127.54,511.06,0.61,0.0,0.0,0.0,287,309,Anderson,laptop-ANDERSON,empresaX
2026-04-08 10:02:10,8.5,1520.0,65.2,11.02,5.87,75.0,383.52,127.54,511.06,0.0,0.0,0.0,0.0,172,312,Anderson,laptop-ANDERSON,empresaX
2026-04-08 10:03:10,8.0,1520.0,64.7,10.92,5.97,75.0,383.52,127.54,511.06,0.0,0.0,0.01,0.01,169,309,Anderson,laptop-ANDERSON,empresaX
2026-04-08 10:04:10,7.9,2400.0,64.5,10.89,6.0,75.0,383.52,127.54,511.06,0.06,0.0,0.0,0.0,129,307,Anderson,laptop-ANDERSON,empresaX
2026-04-08 10:05:10,6.9,2400.0,64.1,10.83,6.06,75.0,383.52,127.54,511.06,0.0,0.0,0.0,0.0,171,306,Anderson,laptop-ANDERSON,empresaX
2026-04-08 10:06:10,11.2,1520.0,64.7,10.93,5.96,75.0,383.52,127.54,511.06,0.0,0.0,0.0,0.0,194,306,Anderson,laptop-ANDERSON,empresaX
2026-04-08 10:07:10,10.0,2400.0,65.3,11.03,5.86,75.0,383.51,127.56,511.06,0.0,0.0,0.0,0.0,310,306,Anderson,laptop-ANDERSON,empresaX
2026-04-08 10:08:10,3.2,2400.0,64.7,10.94,5.95,75.0,383.51,127.56,511.06,0.16,0.0,0.0,0.0,323,307,Anderson,laptop-ANDERSON,empresaX
2026-04-08 10:09:10,6.5,2400.0,65.1,10.99,5.9,75.0,383.51,127.56,511.06,0.03,0.0,0.0,0.0,177,305,Anderson,laptop-ANDERSON,empresaX
2026-04-08 10:10:10,7.0,1520.0,64.7,10.93,5.96,75.0,383.51,127.56,511.06,0.07,0.0,0.0,0.0,126,303,Anderson,laptop-ANDERSON,empresaX
2026-04-08 10:11:10,2.0,2400.0,67.5,11.4,5.49,75.1,383.56,127.5,511.06,0.23,0.0,0.0,0.0,125,305,Anderson,laptop-ANDERSON,empresaX
2026-04-08 10:12:10,4.4,2400.0,67.8,11.45,5.44,75.1,383.56,127.5,511.06,0.0,0.0,0.0,0.0,140,308,Anderson,laptop-ANDERSON,empresaX
2026-04-08 10:13:10,7.8,2400.0,67.4,11.39,5.5,75.1,383.57,127.5,511.06,0.08,0.0,0.0,0.0,147,311,Anderson,laptop-ANDERSON,empresaX
2026-04-08 10:14:10,5.7,1520.0,70.3,11.87,5.02,75.1,383.56,127.5,511.06,0.13,0.0,0.0,0.0,133,313,Anderson,laptop-ANDERSON,empresaX
2026-04-08 10:15:10,5.9,2400.0,70.1,11.85,5.04,75.1,383.56,127.5,511.06,0.0,0.0,0.0,0.0,124,312,Anderson,laptop-ANDERSON,empresaX
2026-04-08 10:16:10,4.7,2400.0,68.6,11.59,5.3,75.1,383.56,127.5,511.06,0.0,0.0,0.0,0.0,209,312,Anderson,laptop-ANDERSON,empresaX
2026-04-08 10:17:10,9.7,2400.0,68.3,11.54,5.35,75.1,383.56,127.5,511.06,6.8,0.0,0.0,0.0,310,313,Anderson,laptop-ANDERSON,empresaX
2026-04-08 10:18:10,4.9,2400.0,67.9,11.47,5.42,75.1,383.56,127.5,511.06,1.03,0.0,0.0,0.0,256,311,Anderson,laptop-ANDERSON,empresaX
2026-04-08 10:19:10,5.9,2400.0,67.9,11.47,5.42,75.1,383.56,127.5,511.06,0.07,0.0,0.0,0.0,205,311,Anderson,laptop-ANDERSON,empresaX
2026-04-08 10:20:10,6.3,2400.0,68.1,11.5,5.39,75.1,383.56,127.5,511.06,0.06,0.0,0.0,0.0,229,310,Anderson,laptop-ANDERSON,empresaX
2026-04-08 10:21:10,4.2,2400.0,68.2,11.52,5.37,75.1,383.56,127.5,511.06,0.2,0.0,0.01,0.01,211,310,Anderson,laptop-ANDERSON,empresaX
2026-04-08 10:22:10,6.9,2400.0,68.7,11.6,5.29,75.1,383.56,127.5,511.06,0.06,0.0,0.0,0.0,176,311,Anderson,laptop-ANDERSON,empresaX
2026-04-08 10:23:10,5.2,2400.0,69.3,11.71,5.18,75.1,383.57,127.5,511.06,0.83,0.0,0.0,0.0,169,312,Anderson,laptop-ANDERSON,empresaX
2026-04-08 10:24:10,7.2,1520.0,68.7,11.61,5.28,75.1,383.57,127.5,511.06,0.13,0.0,0.0,0.0,165,312,Anderson,laptop-ANDERSON,empresaX
2026-04-08 10:25:10,9.8,2400.0,68.8,11.62,5.27,75.1,383.57,127.5,511.06,0.16,0.0,0.0,0.0,133,313,Anderson,laptop-ANDERSON,empresaX
2026-04-08 10:26:10,9.4,1520.0,70.0,11.82,5.07,75.1,383.57,127.5,511.06,0.17,0.0,0.0,0.0,121,315,Anderson,laptop-ANDERSON,empresaX
2026-04-08 10:27:10,8.3,2400.0,69.9,11.81,5.08,75.1,383.57,127.49,511.06,0.2,0.0,0.0,0.0,147,314,Anderson,laptop-ANDERSON,empresaX
2026-04-08 10:28:10,6.6,2400.0,69.2,11.69,5.2,75.1,383.57,127.49,511.06,0.06,0.0,0.0,0.0,146,314,Anderson,laptop-ANDERSON,empresaX
2026-04-08 10:29:10,6.7,2400.0,69.2,11.69,5.2,75.1,383.57,127.49,511.06,0.09,0.0,0.0,0.0,97,313,Anderson,laptop-ANDERSON,empresaX
2026-04-08 10:30:10,10.5,1520.0,69.3,11.7,5.19,75.1,383.57,127.49,511.06,0.0,0.0,0.0,0.0,96,314,Anderson,laptop-ANDERSON,empresaX
2026-04-08 10:31:10,7.5,2400.0,69.4,11.72,5.17,75.1,383.57,127.49,511.06,0.06,0.0,0.0,0.0,131,313,Anderson,laptop-ANDERSON,empresaX
2026-04-08 10:32:10,42.2,2400.0,69.8,11.79,5.1,75.1,383.57,127.49,511.06,1.81,0.0,0.0,0.0,156,317,Anderson,laptop-ANDERSON,empresaX
2026-04-08 10:33:10,12.8,2400.0,68.6,11.58,5.31,75.1,383.57,127.49,511.06,1.54,0.0,0.0,0.0,147,313,Anderson,laptop-ANDERSON,empresaX
2026-04-08 10:34:10,10.4,2400.0,68.0,11.48,5.41,75.1,383.57,127.49,511.06,0.0,0.0,0.0,0.0,157,311,Anderson,laptop-ANDERSON,empresaX
2026-04-08 10:35:10,15.5,2400.0,68.1,11.5,5.39,75.1,383.57,127.5,511.06,0.0,0.0,0.0,0.0,166,311,Anderson,laptop-ANDERSON,empresaX
2026-04-08 10:36:10,12.0,2400.0,68.0,11.48,5.41,75.1,383.57,127.49,511.06,0.0,0.0,0.0,0.0,187,315,Anderson,laptop-ANDERSON,empresaX
2026-04-08 10:37:10,11.4,2400.0,68.0,11.49,5.41,75.1,383.57,127.49,511.06,0.2,0.0,0.0,0.0,180,310,Anderson,laptop-ANDERSON,empresaX
2026-04-08 10:38:10,10.0,2400.0,67.3,11.37,5.53,75.1,383.57,127.49,511.06,0.08,0.01,0.0,0.01,204,314,Anderson,laptop-ANDERSON,empresaX
2026-04-08 10:39:10,6.4,2400.0,68.1,11.5,5.39,75.1,383.58,127.49,511.06,0.0,0.0,0.0,0.0,180,315,Anderson,laptop-ANDERSON,empresaX
2026-04-08 10:40:10,12.7,1520.0,68.6,11.59,5.3,75.1,383.58,127.48,511.06,0.03,0.0,0.0,0.0,157,315,Anderson,laptop-ANDERSON,empresaX
2026-04-08 10:41:10,11.8,2400.0,68.6,11.59,5.3,75.1,383.58,127.48,511.06,0.01,0.0,0.0,0.0,156,316,Anderson,laptop-ANDERSON,empresaX
2026-04-08 10:42:10,10.8,1520.0,69.0,11.65,5.24,75.1,383.58,127.48,511.06,0.06,0.0,0.0,0.0,111,321,Anderson,laptop-ANDERSON,empresaX
2026-04-08 10:43:10,8.5,2400.0,67.1,11.33,5.56,75.1,383.58,127.48,511.06,0.1,0.0,0.0,0.0,133,316,Anderson,laptop-ANDERSON,empresaX
2026-04-08 10:44:10,9.2,2400.0,67.8,11.45,5.44,75.1,383.59,127.48,511.06,0.0,0.0,0.01,0.01,135,317,Anderson,laptop-ANDERSON,empresaX
2026-04-08 10:45:10,7.8,2400.0,67.9,11.46,5.43,75.1,383.59,127.48,511.06,0.02,0.01,0.0,0.01,107,317,Anderson,laptop-ANDERSON,empresaX
2026-04-08 10:46:10,10.6,1520.0,67.7,11.43,5.46,75.1,383.59,127.48,511.06,0.0,0.02,0.0,0.02,105,317,Anderson,laptop-ANDERSON,empresaX
2026-04-08 10:47:10,6.0,2400.0,68.0,11.48,5.41,75.1,383.59,127.48,511.06,0.0,0.0,0.0,0.0,104,316,Anderson,laptop-ANDERSON,empresaX
2026-04-08 10:48:10,13.5,2400.0,65.4,11.05,5.84,75.1,383.59,127.48,511.06,0.0,0.01,0.0,0.01,108,316,Anderson,laptop-ANDERSON,empresaX
2026-04-08 10:49:10,15.1,2400.0,65.3,11.04,5.85,75.1,383.59,127.48,511.06,0.0,0.0,0.0,0.0,107,315,Anderson,laptop-ANDERSON,empresaX
2026-04-08 10:50:10,5.8,2400.0,64.9,10.96,5.93,75.1,383.59,127.48,511.06,0.06,0.0,0.0,0.0,106,315,Anderson,laptop-ANDERSON,empresaX
2026-04-08 10:51:10,5.3,2400.0,65.7,11.09,5.8,75.1,383.59,127.48,511.06,0.08,0.01,0.01,0.02,108,325,Anderson,laptop-ANDERSON,empresaX
2026-04-08 10:52:10,13.3,2400.0,65.1,11.0,5.89,75.1,383.59,127.48,511.06,0.0,0.0,0.0,0.0,109,317,Anderson,laptop-ANDERSON,empresaX
2026-04-08 10:53:10,11.4,2400.0,65.1,10.99,5.9,75.1,383.58,127.48,511.06,0.0,0.0,0.0,0.0,112,317,Anderson,laptop-ANDERSON,empresaX
2026-04-08 10:54:10,5.7,2400.0,64.5,10.89,6.0,75.1,383.58,127.48,511.06,0.06,0.0,0.0,0.0,105,317,Anderson,laptop-ANDERSON,empresaX
2026-04-08 10:55:10,4.3,1520.0,64.4,10.88,6.01,75.1,383.58,127.48,511.06,0.0,0.0,0.0,0.0,100,316,Anderson,laptop-ANDERSON,empresaX
2026-04-08 10:56:10,10.2,2400.0,64.6,10.91,5.98,75.1,383.58,127.48,511.06,0.02,0.0,0.0,0.0,101,317,Anderson,laptop-ANDERSON,empresaX
2026-04-14 18:18:22,12.1,1520.0,92.9,15.68,1.21,78.8,402.8,108.26,511.06,0.26,0.18,0.01,0.19,160,335,Aurora,laptop-AURORA,empresaX
2026-04-14 18:19:22,6.7,2400.0,60.9,10.29,6.6,78.8,402.75,108.31,511.06,0.04,0.05,0.01,0.06,131,290,Aurora,laptop-AURORA,empresaX
2026-04-14 18:20:22,24.9,2400.0,64.0,10.82,6.07,78.8,402.76,108.3,511.06,0.04,0.14,0.01,0.14,180,302,Aurora,laptop-AURORA,empresaX
2026-04-14 18:21:22,11.4,2400.0,63.7,10.76,6.13,78.8,402.76,108.3,511.06,0.13,0.23,0.01,0.24,122,302,Aurora,laptop-AURORA,empresaX
2026-04-14 18:22:22,13.8,1520.0,64.2,10.84,6.05,78.8,402.77,108.29,511.06,15.95,0.14,0.02,0.16,136,303,Aurora,laptop-AURORA,empresaX
2026-04-14 18:23:22,21.7,2400.0,63.6,10.74,6.15,78.8,402.77,108.29,511.06,0.71,0.08,0.67,0.75,98,302,Aurora,laptop-AURORA,empresaX
2026-04-14 18:24:22,11.7,2400.0,63.6,10.75,6.14,78.8,402.77,108.29,511.06,0.31,0.27,0.29,0.56,93,301,Aurora,laptop-AURORA,empresaX
2026-04-14 18:25:22,17.2,2400.0,64.4,10.89,6.0,78.8,402.77,108.29,511.06,0.2,0.31,0.13,0.44,101,301,Aurora,laptop-AURORA,empresaX
2026-04-14 18:26:22,16.9,2400.0,64.0,10.8,6.09,78.8,402.77,108.3,511.06,0.0,0.28,0.01,0.29,103,303,Aurora,laptop-AURORA,empresaX
2026-04-14 18:27:22,21.5,2400.0,65.5,11.06,5.83,78.8,402.76,108.31,511.06,0.1,0.31,0.01,0.32,102,306,Aurora,laptop-AURORA,empresaX
2026-04-14 18:28:22,11.8,2400.0,62.4,10.54,6.35,78.8,402.76,108.31,511.06,0.0,0.28,0.01,0.29,95,303,Aurora,laptop-AURORA,empresaX
2026-04-14 18:29:22,10.6,2400.0,63.0,10.64,6.25,78.8,402.76,108.3,511.06,0.01,0.31,4.05,4.35,89,302,Aurora,laptop-AURORA,empresaX
2026-04-14 18:30:22,11.8,2400.0,63.5,10.73,6.16,78.8,402.76,108.3,511.06,0.52,0.32,0.13,0.44,94,301,Aurora,laptop-AURORA,empresaX
2026-04-14 18:31:22,12.6,2400.0,62.9,10.63,6.26,78.8,402.77,108.29,511.06,10.45,0.28,0.01,0.29,92,301,Aurora,laptop-AURORA,empresaX
2026-04-14 18:32:22,15.4,2400.0,63.0,10.65,6.24,78.8,402.76,108.3,511.06,0.77,0.32,0.01,0.33,91,301,Aurora,laptop-AURORA,empresaX
2026-04-14 18:33:22,45.1,2400.0,63.2,10.67,6.22,78.8,402.76,108.31,511.06,115.03,0.29,0.14,0.43,85,305,Aurora,laptop-AURORA,empresaX
2026-04-14 18:34:22,13.8,2400.0,63.4,10.7,6.19,78.8,402.76,108.3,511.06,0.01,0.26,0.01,0.27,90,303,Aurora,laptop-AURORA,empresaX
2026-04-14 18:35:22,13.7,2400.0,63.6,10.75,6.15,78.8,402.76,108.3,511.06,0.0,0.35,0.22,0.57,98,302,Aurora,laptop-AURORA,empresaX
2026-04-14 18:36:22,19.9,2400.0,63.7,10.75,6.14,78.8,402.76,108.31,511.06,0.25,0.29,0.02,0.31,99,303,Aurora,laptop-AURORA,empresaX
2026-04-14 18:37:22,9.0,2400.0,62.6,10.58,6.31,78.8,402.76,108.3,511.06,0.09,0.28,0.31,0.59,86,302,Aurora,laptop-AURORA,empresaX
2026-04-14 18:38:22,9.5,2400.0,64.0,10.81,6.08,78.8,402.76,108.3,511.06,0.0,0.3,0.01,0.31,90,302,Aurora,laptop-AURORA,empresaX
2026-04-14 18:39:22,8.5,2400.0,63.9,10.79,6.1,78.8,402.76,108.3,511.06,0.19,0.29,0.01,0.3,98,303,Aurora,laptop-AURORA,empresaX
2026-04-14 18:40:22,8.5,2400.0,63.6,10.74,6.15,78.8,402.76,108.3,511.06,0.13,0.32,0.14,0.46,96,303,Aurora,laptop-AURORA,empresaX
2026-04-14 18:41:22,7.8,2400.0,63.3,10.69,6.2,78.8,402.76,108.3,511.06,0.04,0.31,0.01,0.32,86,301,Aurora,laptop-AURORA,empresaX
2026-04-14 18:42:22,7.5,2400.0,62.9,10.63,6.26,78.8,402.76,108.3,511.06,0.03,0.26,0.01,0.27,86,302,Aurora,laptop-AURORA,empresaX
2026-04-14 18:43:22,7.0,2400.0,63.2,10.67,6.22,78.8,402.77,108.3,511.06,0.01,0.31,0.34,0.65,87,303,Aurora,laptop-AURORA,empresaX
2026-04-14 18:44:22,11.0,2400.0,63.8,10.78,6.11,78.8,402.76,108.3,511.06,0.0,0.29,0.01,0.3,90,303,Aurora,laptop-AURORA,empresaX
2026-04-14 18:45:22,16.6,2400.0,64.0,10.82,6.07,78.8,402.77,108.3,511.06,0.06,0.27,0.01,0.28,104,302,Aurora,laptop-AURORA,empresaX
2026-04-14 18:46:22,21.4,2400.0,64.2,10.85,6.04,78.8,402.77,108.3,511.06,0.12,0.3,0.14,0.44,95,302,Aurora,laptop-AURORA,empresaX
2026-04-14 18:47:22,9.0,1520.0,63.4,10.7,6.19,78.8,402.77,108.3,511.06,0.0,0.27,0.01,0.28,86,302,Aurora,laptop-AURORA,empresaX
2026-04-14 18:48:22,15.2,1520.0,64.6,10.92,5.97,78.8,402.76,108.3,511.06,0.94,0.27,0.15,0.42,116,304,Aurora,laptop-AURORA,empresaX
2026-04-14 18:49:22,10.8,2400.0,63.5,10.72,6.17,78.8,402.76,108.31,511.06,0.14,0.29,0.01,0.3,100,303,Aurora,laptop-AURORA,empresaX
2026-04-14 18:50:22,13.0,1520.0,64.3,10.86,6.03,78.8,402.76,108.31,511.06,8.3,0.16,0.01,0.17,120,304,Aurora,laptop-AURORA,empresaX
2026-04-14 18:51:22,7.0,2400.0,64.0,10.82,6.07,78.8,402.76,108.3,511.06,0.2,0.15,0.01,0.16,103,304,Aurora,laptop-AURORA,empresaX
2026-04-14 18:52:22,4.5,2400.0,63.5,10.73,6.16,78.8,402.76,108.3,511.06,0.11,0.01,0.0,0.01,90,304,Aurora,laptop-AURORA,empresaX
2026-04-14 18:53:22,8.9,2400.0,64.3,10.86,6.03,78.8,402.76,108.3,511.06,0.29,0.0,0.0,0.01,100,303,Aurora,laptop-AURORA,empresaX
2026-04-14 18:54:22,9.7,2400.0,63.2,10.67,6.22,78.8,402.76,108.3,511.06,0.13,0.0,0.0,0.01,92,304,Aurora,laptop-AURORA,empresaX
2026-04-14 18:55:22,31.5,2400.0,63.1,10.65,6.24,78.8,402.76,108.3,511.06,0.0,0.06,1.46,1.52,89,302,Aurora,laptop-AURORA,empresaX
2026-04-14 18:56:22,31.9,2400.0,63.3,10.69,6.2,78.8,402.76,108.3,511.06,0.85,0.01,0.01,0.01,95,302,Aurora,laptop-AURORA,empresaX
2026-04-14 18:57:22,19.6,2400.0,62.8,10.6,6.29,78.8,402.77,108.3,511.06,0.05,0.06,1.56,1.62,90,301,Aurora,laptop-AURORA,empresaX
2026-04-14 18:58:22,11.8,2400.0,63.6,10.74,6.15,78.8,402.77,108.3,511.06,1.62,0.01,0.0,0.01,97,301,Aurora,laptop-AURORA,empresaX
2026-04-14 18:59:22,10.5,2400.0,63.3,10.69,6.2,78.8,402.77,108.3,511.06,0.11,0.01,0.0,0.01,96,306,Aurora,laptop-AURORA,empresaX
2026-04-14 19:00:22,13.2,2400.0,63.5,10.73,6.16,78.8,402.77,108.3,511.06,0.0,0.0,0.0,0.0,99,305,Aurora,laptop-AURORA,empresaX
2026-04-14 19:01:22,18.1,2400.0,62.0,10.47,6.43,78.8,402.77,108.3,511.06,0.05,0.0,0.0,0.01,89,308,Aurora,laptop-AURORA,empresaX
2026-04-14 19:02:22,14.6,2400.0,62.1,10.49,6.4,78.9,403.0,108.06,511.06,0.07,0.01,0.0,0.01,88,303,Aurora,laptop-AURORA,empresaX
2026-04-14 19:03:22,20.4,1520.0,62.0,10.48,6.41,78.9,403.0,108.06,511.06,0.03,0.01,0.0,0.01,88,302,Aurora,laptop-AURORA,empresaX
2026-04-14 19:04:22,12.0,2400.0,61.8,10.44,6.45,78.9,403.04,108.03,511.06,8.77,0.01,0.0,0.01,86,301,Aurora,laptop-AURORA,empresaX
2026-04-14 19:05:22,11.7,2400.0,62.1,10.49,6.4,78.9,403.0,108.06,511.06,0.26,0.01,0.0,0.01,92,301,Aurora,laptop-AURORA,empresaX
2026-04-14 19:06:22,37.3,2400.0,61.8,10.44,6.45,78.9,403.0,108.06,511.06,0.34,0.01,0.01,0.02,97,302,Aurora,laptop-AURORA,empresaX
2026-04-14 19:07:22,30.3,2400.0,62.1,10.49,6.4,78.9,403.01,108.06,511.06,8.91,0.01,0.01,0.02,95,303,Aurora,laptop-AURORA,empresaX
2026-04-14 19:08:22,14.9,1520.0,62.1,10.49,6.4,78.9,403.0,108.06,511.06,0.09,0.01,0.0,0.01,97,301,Aurora,laptop-AURORA,empresaX
2026-04-14 19:09:22,22.1,2400.0,61.9,10.45,6.44,78.9,403.01,108.06,511.06,0.17,0.01,0.0,0.01,89,302,Aurora,laptop-AURORA,empresaX
2026-04-14 19:10:22,16.5,1520.0,61.4,10.36,6.53,78.9,403.01,108.06,511.06,0.11,0.01,0.01,0.03,104,301,Aurora,laptop-AURORA,empresaX
2026-04-14 19:11:22,13.4,2400.0,62.0,10.46,6.43,78.9,403.0,108.06,511.06,0.05,0.01,0.0,0.01,92,301,Aurora,laptop-AURORA,empresaX
2026-04-14 19:12:22,11.0,2400.0,62.0,10.47,6.42,78.9,403.01,108.06,511.06,0.13,0.01,0.0,0.01,87,303,Aurora,laptop-AURORA,empresaX
2026-04-14 19:13:22,6.4,2400.0,61.7,10.42,6.47,78.9,403.01,108.06,511.06,0.06,0.0,0.0,0.01,91,299,Aurora,laptop-AURORA,empresaX
2026-04-14 19:14:22,6.8,2400.0,61.7,10.43,6.46,78.9,403.01,108.06,511.06,0.0,0.01,0.0,0.01,84,299,Aurora,laptop-AURORA,empresaX
2026-04-14 19:15:22,5.8,2400.0,62.3,10.51,6.38,78.9,403.01,108.06,511.06,0.0,0.01,0.0,0.02,101,300,Aurora,laptop-AURORA,empresaX
2026-04-14 19:16:22,14.5,2400.0,63.5,10.72,6.17,78.9,403.01,108.06,511.06,0.44,0.01,0.01,0.01,110,304,Aurora,laptop-AURORA,empresaX
2026-04-14 19:17:22,8.9,2400.0,62.7,10.59,6.3,78.9,403.01,108.05,511.06,0.17,0.0,0.0,0.01,98,303,Aurora,laptop-AURORA,empresaX
2026-04-14 19:18:22,6.9,2400.0,62.8,10.61,6.28,78.9,403.01,108.06,511.06,0.08,0.0,0.0,0.01,97,303,Aurora,laptop-AURORA,empresaX
2026-04-14 19:19:22,7.7,2400.0,62.7,10.6,6.29,78.9,403.01,108.06,511.06,0.22,0.0,0.0,0.01,97,303,Aurora,laptop-AURORA,empresaX
2026-04-14 19:20:22,13.4,2400.0,62.0,10.47,6.42,78.9,403.01,108.06,511.06,0.06,0.0,0.0,0.0,95,301,Aurora,laptop-AURORA,empresaX
2026-04-14 19:21:22,9.8,2400.0,61.6,10.41,6.48,78.9,403.01,108.05,511.06,1.63,0.0,0.0,0.0,87,300,Aurora,laptop-AURORA,empresaX
2026-04-14 19:22:22,10.0,1520.0,61.3,10.35,6.54,78.9,403.01,108.05,511.06,0.11,0.01,0.0,0.01,86,301,Aurora,laptop-AURORA,empresaX
2026-04-14 19:23:22,10.5,2400.0,61.5,10.39,6.5,78.9,403.01,108.05,511.06,0.0,0.0,0.0,0.0,85,300,Aurora,laptop-AURORA,empresaX
2026-04-14 19:24:22,9.7,1520.0,61.3,10.36,6.53,78.9,403.01,108.05,511.06,0.01,0.01,0.0,0.01,82,298,Aurora,laptop-AURORA,empresaX
2026-04-14 19:25:22,9.7,2400.0,62.6,10.58,6.31,78.9,403.01,108.05,511.06,0.0,0.0,0.0,0.01,94,300,Aurora,laptop-AURORA,empresaX
2026-04-14 19:26:22,21.7,2400.0,62.4,10.55,6.34,78.9,403.01,108.05,511.06,1.06,0.05,1.51,1.57,95,300,Aurora,laptop-AURORA,empresaX
2026-04-14 19:27:22,8.5,2400.0,61.9,10.46,6.43,78.9,403.01,108.05,511.06,0.1,0.01,0.0,0.01,92,303,Aurora,laptop-AURORA,empresaX
2026-04-14 19:28:22,6.9,2400.0,62.1,10.49,6.4,78.9,403.02,108.05,511.06,0.11,0.0,0.0,0.01,95,299,Aurora,laptop-AURORA,empresaX
2026-04-14 19:29:22,9.4,2400.0,62.0,10.47,6.42,78.9,403.02,108.04,511.06,0.0,0.0,0.0,0.01,91,299,Aurora,laptop-AURORA,empresaX
2026-04-14 19:30:22,7.5,1520.0,61.2,10.34,6.55,78.9,403.02,108.04,511.06,0.13,0.01,0.0,0.01,90,299,Aurora,laptop-AURORA,empresaX
2026-04-14 19:31:22,8.5,2400.0,60.8,10.26,6.63,78.9,403.02,108.04,511.06,0.0,0.01,0.0,0.01,85,298,Aurora,laptop-AURORA,empresaX
2026-04-14 19:32:22,25.4,1520.0,60.7,10.25,6.64,78.9,403.02,108.04,511.06,16.96,0.03,0.03,0.06,94,300,Aurora,laptop-AURORA,empresaX
2026-04-14 19:33:22,28.2,2400.0,61.4,10.37,6.52,78.9,403.02,108.04,511.06,1.09,0.02,0.01,0.03,90,305,Aurora,laptop-AURORA,empresaX
2026-04-14 19:34:22,10.3,1520.0,61.5,10.39,6.5,78.9,403.02,108.04,511.06,0.08,0.03,0.87,0.9,84,301,Aurora,laptop-AURORA,empresaX
2026-04-14 19:35:22,15.7,2400.0,61.5,10.39,6.5,78.9,403.02,108.04,511.06,0.07,0.0,0.0,0.01,86,301,Aurora,laptop-AURORA,empresaX
2026-04-14 19:36:22,36.3,2400.0,61.9,10.45,6.44,78.9,403.02,108.04,511.06,0.07,0.01,0.01,0.02,93,302,Aurora,laptop-AURORA,empresaX
2026-04-14 19:37:22,42.1,1520.0,61.7,10.42,6.47,78.9,403.02,108.04,511.06,0.58,0.02,0.13,0.15,96,304,Aurora,laptop-AURORA,empresaX
2026-04-14 19:38:22,17.4,2400.0,61.6,10.4,6.49,78.9,403.02,108.04,511.06,0.58,0.0,0.0,0.0,90,302,Aurora,laptop-AURORA,empresaX
2026-04-14 19:39:22,14.6,2400.0,61.6,10.41,6.48,78.9,403.02,108.04,511.06,0.0,0.01,0.16,0.17,86,302,Aurora,laptop-AURORA,empresaX
2026-04-14 19:40:22,14.2,2400.0,62.0,10.47,6.42,78.9,403.02,108.04,511.06,0.02,0.01,0.0,0.01,90,303,Aurora,laptop-AURORA,empresaX
2026-04-14 19:41:22,13.8,2400.0,61.6,10.4,6.49,78.9,403.02,108.04,511.06,0.0,0.0,0.0,0.01,84,301,Aurora,laptop-AURORA,empresaX
2026-04-14 19:42:22,11.4,2400.0,61.5,10.38,6.51,78.9,403.02,108.04,511.06,0.05,0.0,0.0,0.0,86,301,Aurora,laptop-AURORA,empresaX
2026-04-14 19:43:22,16.1,2400.0,61.7,10.42,6.47,78.9,403.03,108.04,511.06,0.12,0.0,0.0,0.01,91,301,Aurora,laptop-AURORA,empresaX
2026-04-14 19:44:22,10.1,2400.0,61.3,10.36,6.53,78.9,403.02,108.04,511.06,0.0,0.01,0.0,0.01,89,302,Aurora,laptop-AURORA,empresaX
2026-04-14 19:45:22,9.1,2400.0,61.4,10.37,6.52,78.9,403.02,108.04,511.06,0.0,0.0,0.0,0.01,92,300,Aurora,laptop-AURORA,empresaX
2026-04-14 19:46:22,20.4,1520.0,61.6,10.4,6.49,78.9,403.03,108.04,511.06,0.17,0.01,0.01,0.01,97,299,Aurora,laptop-AURORA,empresaX
2026-04-14 19:47:22,9.5,2400.0,61.0,10.3,6.59,78.9,403.03,108.04,511.06,0.0,0.01,0.0,0.01,88,299,Aurora,laptop-AURORA,empresaX
2026-04-14 19:48:22,8.2,2400.0,61.6,10.4,6.49,78.9,403.03,108.04,511.06,0.14,0.0,0.0,0.0,91,302,Aurora,laptop-AURORA,empresaX
2026-04-14 19:49:22,5.3,2400.0,61.3,10.36,6.53,78.9,403.02,108.04,511.06,0.02,0.01,0.0,0.01,83,301,Aurora,laptop-AURORA,empresaX
2026-04-14 19:50:22,6.2,2400.0,61.6,10.4,6.49,78.9,403.02,108.04,511.06,0.21,0.01,0.0,0.01,95,301,Aurora,laptop-AURORA,empresaX
2026-04-14 19:51:22,18.9,2400.0,61.1,10.33,6.56,78.9,403.02,108.04,511.06,0.0,0.01,0.01,0.02,90,300,Aurora,laptop-AURORA,empresaX
2026-04-14 19:52:22,9.8,2400.0,62.0,10.47,6.42,78.9,403.02,108.04,511.06,0.12,0.04,1.33,1.37,96,302,Aurora,laptop-AURORA,empresaX
2026-04-14 19:53:22,12.8,2400.0,61.5,10.4,6.49,78.9,403.03,108.03,511.06,0.0,0.01,0.0,0.01,91,300,Aurora,laptop-AURORA,empresaX
2026-04-14 19:54:22,18.5,1520.0,60.8,10.26,6.63,78.9,403.03,108.03,511.06,0.0,0.03,0.82,0.85,85,299,Aurora,laptop-AURORA,empresaX
2026-04-14 19:55:22,15.5,2400.0,61.3,10.36,6.53,78.9,403.06,108.0,511.06,0.46,0.02,0.01,0.03,87,304,Aurora,laptop-AURORA,empresaX
2026-04-14 19:56:22,17.9,2400.0,62.8,10.62,6.28,78.9,403.06,108.0,511.06,1.1,0.01,0.01,0.01,95,306,Aurora,laptop-AURORA,empresaX
2026-04-14 19:57:22,24.0,2400.0,61.3,10.36,6.53,78.9,403.06,108.0,511.06,0.04,0.01,0.0,0.01,90,304,Aurora,laptop-AURORA,empresaX
2026-04-08 11:58:43,6.4,2400.0,72.6,12.26,4.63,75.2,384.16,126.91,511.06,0.4,0.0,0.01,0.01,141,348,kaio,laptop-NZ13,empresaX
2026-04-08 11:59:42,6.7,2400.0,71.4,12.06,4.83,75.2,384.15,126.91,511.06,0.52,0.0,0.0,0.0,122,346,kaio,laptop-NZ13,empresaX
2026-04-08 12:00:42,3.9,2400.0,71.2,12.02,4.87,75.2,384.16,126.91,511.06,0.0,0.0,0.0,0.0,99,344,kaio,laptop-NZ13,empresaX
2026-04-08 12:01:42,4.9,2400.0,70.0,11.82,5.07,75.2,384.16,126.91,511.06,0.01,0.0,0.0,0.0,88,343,kaio,laptop-NZ13,empresaX
2026-04-08 12:02:42,4.8,1520.0,70.8,11.96,4.93,75.2,384.16,126.9,511.06,0.11,0.0,0.0,0.0,99,345,kaio,laptop-NZ13,empresaX
2026-04-08 12:03:42,4.4,2400.0,69.8,11.79,5.1,75.2,384.16,126.9,511.06,0.89,0.0,0.0,0.0,96,341,kaio,laptop-NZ13,empresaX
2026-04-08 12:04:42,3.6,2400.0,70.5,11.91,4.98,75.2,384.16,126.9,511.06,0.01,0.0,0.0,0.0,88,342,kaio,laptop-NZ13,empresaX
2026-04-08 12:05:42,5.7,2400.0,70.4,11.88,5.01,75.2,384.16,126.9,511.06,0.0,0.0,0.0,0.0,83,341,kaio,laptop-NZ13,empresaX
2026-04-08 12:06:42,3.2,2400.0,69.7,11.77,5.12,75.2,384.16,126.9,511.06,0.0,0.0,0.0,0.0,84,339,kaio,laptop-NZ13,empresaX
2026-04-08 12:07:42,5.3,1520.0,69.3,11.71,5.18,75.2,384.16,126.9,511.06,0.0,0.0,0.01,0.01,83,338,kaio,laptop-NZ13,empresaX
2026-04-08 12:08:42,9.6,2400.0,71.5,12.08,4.81,75.2,384.16,126.9,511.06,0.0,0.0,0.01,0.01,87,339,kaio,laptop-NZ13,empresaX
2026-04-08 12:09:42,6.3,2400.0,71.8,12.12,4.77,75.2,384.16,126.9,511.06,0.0,0.0,0.0,0.0,110,337,kaio,laptop-NZ13,empresaX
2026-04-08 12:10:42,3.9,2400.0,71.6,12.09,4.8,75.2,384.16,126.9,511.06,0.43,0.0,0.0,0.0,121,335,kaio,laptop-NZ13,empresaX
2026-04-08 12:11:42,4.4,2400.0,71.6,12.09,4.8,75.2,384.16,126.9,511.06,0.0,0.0,0.0,0.0,121,335,kaio,laptop-NZ13,empresaX
2026-04-08 12:12:42,41.0,2400.0,72.2,12.19,4.7,75.2,384.16,126.9,511.06,0.68,0.0,0.0,0.0,114,336,kaio,laptop-NZ13,empresaX
2026-04-08 12:14:24,50.7,2400.0,73.1,12.35,4.54,75.2,384.16,126.9,511.06,9.41,42.85,338.27,381.12,97,343,kaio,laptop-NZ13,empresaX
2026-04-08 12:15:24,3.7,2400.0,70.7,11.94,4.95,75.2,384.17,126.89,511.06,0.46,0.0,0.0,0.0,135,341,kaio,laptop-NZ13,empresaX
2026-04-08 12:16:24,5.0,1520.0,69.7,11.76,5.13,75.2,384.17,126.89,511.06,0.0,0.0,0.0,0.0,149,336,kaio,laptop-NZ13,empresaX
2026-04-08 12:17:24,7.0,2400.0,69.6,11.76,5.13,75.2,384.17,126.89,511.06,0.05,0.0,0.03,0.03,115,333,kaio,laptop-NZ13,empresaX
2026-04-08 12:18:24,7.0,1520.0,69.5,11.74,5.15,75.2,384.17,126.89,511.06,0.07,0.0,0.06,0.06,114,333,kaio,laptop-NZ13,empresaX
2026-04-08 12:19:24,11.4,1520.0,69.0,11.65,5.24,75.2,384.17,126.89,511.06,0.69,0.0,0.04,0.04,116,335,kaio,laptop-NZ13,empresaX
2026-04-08 12:20:24,6.0,2400.0,69.7,11.78,5.11,75.2,384.24,126.82,511.06,0.09,0.0,0.01,0.01,119,339,kaio,laptop-NZ13,empresaX
2026-04-08 12:21:24,7.8,2400.0,70.1,11.84,5.05,75.2,384.24,126.82,511.06,0.0,0.0,0.0,0.0,119,332,kaio,laptop-NZ13,empresaX
2026-04-08 12:22:24,9.8,1520.0,69.8,11.78,5.11,75.2,384.25,126.82,511.06,0.3,0.0,0.0,0.0,118,334,kaio,laptop-NZ13,empresaX
2026-04-08 12:23:24,5.3,2400.0,71.1,12.01,4.88,75.2,384.24,126.82,511.06,0.06,0.0,0.0,0.0,118,338,kaio,laptop-NZ13,empresaX
2026-04-08 12:24:24,7.1,2400.0,70.4,11.89,5.0,75.2,384.24,126.82,511.06,0.33,0.01,0.08,0.09,119,337,kaio,laptop-NZ13,empresaX
2026-04-08 12:25:24,7.1,2400.0,70.1,11.85,5.04,75.2,384.24,126.82,511.06,0.02,0.0,0.0,0.0,116,336,kaio,laptop-NZ13,empresaX
2026-04-08 12:26:24,6.4,1520.0,69.7,11.77,5.12,75.2,384.24,126.82,511.06,0.02,0.0,0.0,0.0,113,335,kaio,laptop-NZ13,empresaX
2026-04-08 12:27:24,8.0,2400.0,69.7,11.77,5.12,75.2,384.24,126.82,511.06,0.1,0.0,0.01,0.01,114,335,kaio,laptop-NZ13,empresaX
2026-04-08 12:28:24,3.2,2400.0,69.1,11.67,5.22,75.2,384.23,126.83,511.06,0.07,0.0,0.01,0.01,101,341,kaio,laptop-NZ13,empresaX
2026-04-08 12:29:24,55.4,2400.0,71.5,12.08,4.81,75.2,384.24,126.82,511.06,10.76,0.03,0.04,0.08,210,345,kaio,laptop-NZ13,empresaX
2026-04-08 12:30:24,17.1,2400.0,80.4,13.58,3.31,75.2,384.45,126.62,511.06,2.35,0.1,0.96,1.06,250,357,kaio,laptop-NZ13,empresaX
2026-04-08 12:31:24,8.1,2400.0,77.2,13.03,3.86,75.2,384.49,126.57,511.06,0.0,0.0,0.0,0.0,252,356,kaio,laptop-NZ13,empresaX
2026-04-08 12:32:24,10.2,2400.0,76.9,12.99,3.9,75.2,384.5,126.57,511.06,0.01,0.0,0.0,0.0,126,353,kaio,laptop-NZ13,empresaX
2026-04-08 12:33:24,5.4,2400.0,75.1,12.68,4.21,75.2,384.5,126.57,511.06,0.04,0.0,0.0,0.0,121,351,kaio,laptop-NZ13,empresaX
2026-04-08 12:34:24,13.9,2400.0,75.3,12.72,4.17,75.2,384.5,126.57,511.06,179.14,0.0,0.01,0.02,100,353,kaio,laptop-NZ13,empresaX
2026-04-08 12:35:24,6.8,2400.0,75.5,12.75,4.14,75.2,384.5,126.57,511.06,0.19,0.0,0.01,0.01,122,351,kaio,laptop-NZ13,empresaX
2026-04-08 12:36:24,12.0,2400.0,75.9,12.81,4.08,75.2,384.5,126.57,511.06,0.06,0.0,0.0,0.0,158,350,kaio,laptop-NZ13,empresaX
2026-04-08 12:37:24,10.4,2400.0,75.3,12.72,4.17,75.2,384.5,126.57,511.06,0.06,0.0,0.0,0.0,213,350,kaio,laptop-NZ13,empresaX
2026-04-08 12:38:24,5.9,2400.0,74.8,12.64,4.25,75.2,384.5,126.57,511.06,0.0,0.0,0.01,0.01,216,350,kaio,laptop-NZ13,empresaX
2026-04-08 12:39:24,4.4,2400.0,74.6,12.61,4.28,75.2,384.5,126.57,511.06,0.09,0.0,0.0,0.01,163,349,kaio,laptop-NZ13,empresaX
2026-04-08 12:40:24,6.6,2400.0,74.3,12.56,4.33,75.2,384.5,126.57,511.06,0.09,0.0,0.0,0.0,123,348,kaio,laptop-NZ13,empresaX
2026-04-08 12:41:24,8.1,2400.0,74.6,12.6,4.29,75.2,384.5,126.57,511.06,0.0,0.0,0.01,0.01,144,346,kaio,laptop-NZ13,empresaX
2026-04-08 12:42:24,10.7,2400.0,74.1,12.52,4.37,75.2,384.5,126.57,511.06,0.09,0.0,0.0,0.0,147,346,kaio,laptop-NZ13,empresaX
2026-04-08 12:43:24,4.0,2400.0,73.8,12.46,4.43,75.2,384.5,126.57,511.06,0.06,0.0,0.0,0.0,116,346,kaio,laptop-NZ13,empresaX
2026-04-08 12:44:24,7.0,1520.0,73.8,12.47,4.42,75.2,384.5,126.57,511.06,0.0,0.01,0.03,0.03,119,346,kaio,laptop-NZ13,empresaX
2026-04-08 12:45:24,9.0,2400.0,73.8,12.47,4.42,75.2,384.5,126.57,511.06,0.16,0.0,0.0,0.0,107,348,kaio,laptop-NZ13,empresaX
2026-04-08 12:46:24,3.3,1520.0,73.8,12.47,4.42,75.2,384.49,126.57,511.06,0.06,0.0,0.01,0.01,111,349,kaio,laptop-NZ13,empresaX
2026-04-08 12:47:24,4.0,1520.0,74.4,12.56,4.33,75.2,384.5,126.57,511.06,0.14,0.0,0.0,0.0,108,356,kaio,laptop-NZ13,empresaX
2026-04-08 12:48:24,5.1,2400.0,71.0,12.0,4.89,75.2,384.5,126.57,511.06,0.01,0.0,0.01,0.01,106,353,kaio,laptop-NZ13,empresaX
2026-04-08 12:49:24,8.0,2400.0,71.2,12.03,4.86,75.2,384.5,126.57,511.06,0.18,0.0,0.02,0.02,108,351,kaio,laptop-NZ13,empresaX
2026-04-08 12:50:24,4.8,2400.0,71.4,12.06,4.83,75.2,384.5,126.57,511.06,0.0,0.0,0.01,0.01,108,351,kaio,laptop-NZ13,empresaX
2026-04-08 12:51:24,10.2,2400.0,72.7,12.27,4.62,75.2,384.5,126.57,511.06,0.0,0.01,0.01,0.02,104,351,kaio,laptop-NZ13,empresaX
2026-04-08 12:52:24,14.4,1520.0,72.9,12.31,4.58,75.2,384.5,126.57,511.06,0.01,0.0,0.0,0.0,110,353,kaio,laptop-NZ13,empresaX
2026-04-08 12:53:24,8.9,2400.0,74.8,12.63,4.26,74.2,379.33,131.74,511.06,0.94,0.02,0.88,0.89,169,349,kaio,laptop-NZ13,empresaX
2026-04-08 12:54:24,8.2,2400.0,75.3,12.72,4.17,74.2,379.42,131.64,511.06,18.46,0.02,0.01,0.03,203,352,kaio,laptop-NZ13,empresaX
2026-04-08 12:55:24,3.6,2400.0,76.8,12.98,3.91,74.2,379.41,131.66,511.06,0.05,0.0,0.0,0.0,194,348,kaio,laptop-NZ13,empresaX
2026-04-08 12:56:24,12.4,2400.0,76.5,12.92,3.97,74.2,379.41,131.66,511.06,0.82,0.07,0.02,0.09,181,347,kaio,laptop-NZ13,empresaX
2026-04-08 12:57:24,21.8,2400.0,78.8,13.31,3.58,74.2,379.41,131.65,511.06,0.41,0.01,0.11,0.12,179,347,kaio,laptop-NZ13,empresaX
2026-04-08 12:58:24,6.9,1520.0,76.9,12.99,3.9,74.2,379.41,131.65,511.06,0.03,0.0,0.01,0.01,182,348,kaio,laptop-NZ13,empresaX
2026-04-08 12:59:24,6.6,2400.0,70.5,11.9,4.99,74.2,379.34,131.73,511.06,0.0,0.0,0.01,0.01,186,335,kaio,laptop-NZ13,empresaX
2026-04-08 13:00:24,13.8,2400.0,70.4,11.89,5.0,74.2,379.34,131.73,511.06,0.19,0.0,0.0,0.0,134,335,kaio,laptop-NZ13,empresaX
2026-04-08 13:01:24,9.3,2400.0,69.9,11.81,5.08,74.2,379.34,131.73,511.06,0.17,0.0,0.0,0.0,129,336,kaio,laptop-NZ13,empresaX
2026-04-08 13:02:24,13.8,1520.0,69.8,11.79,5.1,74.2,379.34,131.73,511.06,0.23,0.0,0.0,0.0,122,334,kaio,laptop-NZ13,empresaX
2026-04-08 13:03:24,14.2,2400.0,68.1,11.51,5.38,74.2,379.34,131.73,511.06,0.88,0.0,0.0,0.0,123,334,kaio,laptop-NZ13,empresaX
2026-04-08 13:04:24,14.8,2400.0,68.4,11.56,5.33,74.2,379.34,131.73,511.06,0.14,0.0,0.0,0.0,125,335,kaio,laptop-NZ13,empresaX
2026-04-08 13:05:24,11.1,1520.0,68.5,11.57,5.32,74.2,379.34,131.73,511.06,0.0,0.0,0.01,0.01,123,335,kaio,laptop-NZ13,empresaX
2026-04-08 13:06:24,8.0,1520.0,68.4,11.56,5.33,74.2,379.34,131.73,511.06,0.03,0.0,0.01,0.01,115,335,kaio,laptop-NZ13,empresaX
2026-04-08 13:07:24,6.9,2400.0,68.4,11.56,5.33,74.2,379.34,131.73,511.06,0.01,0.0,0.0,0.0,116,334,kaio,laptop-NZ13,empresaX
2026-04-08 13:08:24,16.0,2400.0,67.4,11.39,5.5,74.2,379.34,131.73,511.06,0.29,0.0,0.01,0.01,124,336,kaio,laptop-NZ13,empresaX
2026-04-08 13:09:24,10.3,2400.0,67.1,11.33,5.56,74.2,379.34,131.73,511.06,0.08,0.0,0.01,0.01,122,336,kaio,laptop-NZ13,empresaX
2026-04-08 13:10:24,7.8,2400.0,67.3,11.36,5.53,74.2,379.34,131.72,511.06,0.32,0.0,0.0,0.0,116,335,kaio,laptop-NZ13,empresaX
2026-04-08 13:11:24,6.9,2400.0,67.3,11.37,5.52,74.2,379.34,131.73,511.06,0.17,0.0,0.0,0.0,110,335,kaio,laptop-NZ13,empresaX
2026-04-08 13:13:10,19.2,2400.0,68.2,11.51,5.38,74.2,379.35,131.72,511.06,1.01,0.0,0.01,0.01,99,342,kaio,laptop-NZ13,empresaX
2026-04-08 13:14:10,8.9,2400.0,68.8,11.63,5.26,74.2,379.35,131.72,511.06,0.11,0.0,0.0,0.0,134,344,kaio,laptop-NZ13,empresaX
2026-04-08 13:15:10,5.9,2400.0,70.5,11.92,4.97,74.2,379.35,131.71,511.06,0.32,0.0,0.0,0.0,172,343,kaio,laptop-NZ13,empresaX
2026-04-08 13:16:10,6.7,2400.0,69.4,11.72,5.17,74.2,379.35,131.71,511.06,0.61,0.0,0.0,0.0,160,344,kaio,laptop-NZ13,empresaX
2026-04-08 13:17:10,8.3,2400.0,69.3,11.71,5.18,74.2,379.35,131.71,511.06,0.09,0.02,0.0,0.02,141,343,kaio,laptop-NZ13,empresaX
2026-04-08 13:18:10,2.3,1520.0,69.5,11.74,5.15,74.2,379.35,131.71,511.06,0.12,0.0,0.0,0.0,141,344,kaio,laptop-NZ13,empresaX
2026-04-08 13:19:10,5.8,2400.0,69.1,11.67,5.22,74.2,379.35,131.71,511.06,0.0,0.0,0.0,0.01,134,343,kaio,laptop-NZ13,empresaX
2026-04-08 13:20:10,4.7,2400.0,69.2,11.68,5.21,74.2,379.35,131.71,511.06,0.06,0.0,0.0,0.0,143,343,kaio,laptop-NZ13,empresaX
2026-04-08 13:21:10,7.0,2400.0,69.1,11.68,5.21,74.2,379.35,131.71,511.06,0.01,0.0,0.03,0.03,117,342,kaio,laptop-NZ13,empresaX
2026-04-08 13:22:10,10.3,1520.0,69.8,11.79,5.1,74.2,379.35,131.71,511.06,0.13,0.02,0.1,0.12,113,342,kaio,laptop-NZ13,empresaX
2026-04-08 13:23:10,10.0,2400.0,69.6,11.75,5.14,74.2,379.35,131.71,511.06,0.1,0.0,0.0,0.0,127,343,kaio,laptop-NZ13,empresaX
2026-04-08 13:24:10,11.8,2400.0,69.4,11.73,5.16,74.2,379.35,131.71,511.06,0.04,0.0,0.01,0.01,122,341,kaio,laptop-NZ13,empresaX
2026-04-08 13:25:10,11.6,2400.0,70.3,11.87,5.02,74.2,379.35,131.71,511.06,1.18,0.01,0.13,0.13,124,342,kaio,laptop-NZ13,empresaX
2026-04-08 13:26:10,8.3,1520.0,69.8,11.8,5.09,74.2,379.35,131.71,511.06,0.03,0.0,0.01,0.01,131,341,kaio,laptop-NZ13,empresaX
2026-04-08 13:27:10,5.6,2400.0,70.5,11.9,4.99,74.2,379.35,131.71,511.06,0.18,0.0,0.0,0.0,162,345,kaio,laptop-NZ13,empresaX
2026-04-08 13:28:10,9.1,2400.0,71.2,12.03,4.86,74.2,379.36,131.71,511.06,0.06,0.0,0.01,0.02,155,345,kaio,laptop-NZ13,empresaX
2026-04-08 13:29:10,7.5,2400.0,71.6,12.09,4.8,74.2,379.36,131.7,511.06,0.24,0.0,0.01,0.01,157,345,kaio,laptop-NZ13,empresaX
2026-04-08 13:30:10,10.9,1520.0,71.8,12.13,4.76,74.2,379.36,131.7,511.06,0.38,0.01,0.01,0.02,177,347,kaio,laptop-NZ13,empresaX
2026-04-08 13:31:10,7.9,2400.0,71.3,12.05,4.84,74.2,379.36,131.7,511.06,0.02,0.0,0.01,0.01,176,343,kaio,laptop-NZ13,empresaX
2026-04-08 13:32:10,14.3,2400.0,73.1,12.34,4.55,74.2,379.36,131.7,511.06,0.25,0.01,0.01,0.02,171,344,kaio,laptop-NZ13,empresaX
2026-04-08 13:33:10,12.9,2400.0,74.4,12.57,4.32,74.2,379.36,131.7,511.06,0.3,0.0,0.0,0.0,263,347,kaio,laptop-NZ13,empresaX
2026-04-08 13:34:10,14.3,1520.0,75.4,12.74,4.15,74.2,379.36,131.7,511.06,0.04,0.0,0.01,0.01,227,350,kaio,laptop-NZ13,empresaX
2026-04-08 13:35:10,10.0,2400.0,74.8,12.64,4.25,74.2,379.36,131.7,511.06,0.14,0.03,0.02,0.05,228,349,kaio,laptop-NZ13,empresaX
2026-04-08 13:36:10,9.6,2400.0,75.4,12.74,4.15,74.2,379.37,131.7,511.06,0.09,0.0,0.0,0.0,220,352,kaio,laptop-NZ13,empresaX
2026-04-08 13:37:10,10.6,2400.0,73.8,12.46,4.43,74.2,379.37,131.7,511.06,0.09,0.02,0.0,0.02,203,346,kaio,laptop-NZ13,empresaX
2026-04-08 13:38:10,11.2,2400.0,76.7,12.95,3.94,74.2,379.37,131.7,511.06,0.0,0.0,0.01,0.01,212,349,kaio,laptop-NZ13,empresaX
2026-04-08 14:32:54,7.7,2400.0,76.8,12.96,3.93,74.2,379.38,131.68,511.06,0.44,0.0,0.04,0.04,181,351,kaio,laptop-NZ13,empresaX
2026-04-11 12:13:30,23.3,1400.0,91.9,7.78,0.68,88.1,112.25,15.15,127.4,0.61,0.01,0.0,0.01,222,291,luana,laptop-LUANA,empresaX
2026-04-11 12:14:30,33.1,1600.0,85.9,7.27,1.19,88.1,112.25,15.15,127.4,0.42,0.01,0.13,0.14,212,292,luana,laptop-LUANA,empresaX
2026-04-11 12:15:30,47.9,1600.0,87.0,7.36,1.1,88.1,112.28,15.12,127.4,0.81,0.11,0.07,0.18,211,295,luana,laptop-LUANA,empresaX
2026-04-11 12:16:30,17.7,1400.0,90.2,7.63,0.83,88.1,112.28,15.12,127.4,0.55,0.01,0.0,0.01,244,290,luana,laptop-LUANA,empresaX
2026-04-11 12:17:30,34.7,1400.0,92.8,7.85,0.61,88.1,112.28,15.12,127.4,1.04,0.02,0.05,0.07,235,290,luana,laptop-LUANA,empresaX
2026-04-11 12:18:30,45.0,1400.0,89.5,7.57,0.89,88.1,112.28,15.12,127.4,0.48,0.0,0.0,0.0,233,290,luana,laptop-LUANA,empresaX
2026-04-11 12:19:30,26.8,1400.0,91.0,7.69,0.76,88.1,112.28,15.12,127.4,0.55,0.03,0.0,0.03,359,291,luana,laptop-LUANA,empresaX
2026-04-11 12:20:30,15.1,1400.0,93.2,7.88,0.57,88.1,112.28,15.12,127.4,0.22,0.01,0.0,0.01,457,295,luana,laptop-LUANA,empresaX
2026-04-11 12:21:30,61.0,1600.0,93.2,7.88,0.58,88.1,112.28,15.12,127.4,8.0,0.0,0.0,0.0,369,293,luana,laptop-LUANA,empresaX
2026-04-11 12:22:30,44.4,1400.0,93.3,7.89,0.56,88.1,112.29,15.11,127.4,3.31,0.0,0.2,0.2,366,293,luana,laptop-LUANA,empresaX
2026-04-11 12:23:30,33.5,1600.0,94.0,7.95,0.51,88.1,112.29,15.11,127.4,0.34,0.07,0.08,0.14,348,292,luana,laptop-LUANA,empresaX
2026-04-11 12:24:30,39.3,1400.0,88.4,7.48,0.98,88.1,112.29,15.11,127.4,0.49,0.01,0.01,0.02,297,290,luana,laptop-LUANA,empresaX
2026-04-11 12:25:30,27.0,1600.0,90.5,7.66,0.8,88.1,112.29,15.11,127.4,2.34,0.0,0.0,0.0,330,296,luana,laptop-LUANA,empresaX
2026-04-11 12:26:30,30.6,1400.0,90.2,7.63,0.83,88.1,112.28,15.12,127.4,0.21,0.01,0.0,0.01,302,292,luana,laptop-LUANA,empresaX
2026-04-11 12:27:30,34.6,1400.0,94.2,7.97,0.49,88.1,112.28,15.12,127.4,0.07,0.01,0.0,0.01,305,292,luana,laptop-LUANA,empresaX
2026-04-11 12:28:30,23.6,1400.0,91.6,7.75,0.71,88.1,112.29,15.11,127.4,0.54,0.03,0.02,0.05,408,291,luana,laptop-LUANA,empresaX
2026-04-11 12:29:30,35.0,1600.0,88.0,7.44,1.02,88.1,112.28,15.12,127.4,0.28,0.01,0.0,0.01,364,290,luana,laptop-LUANA,empresaX
2026-04-11 12:30:30,38.8,1400.0,90.6,7.66,0.8,88.1,112.29,15.11,127.4,0.29,0.01,0.0,0.01,412,296,luana,laptop-LUANA,empresaX
2026-04-11 12:31:30,51.5,1400.0,89.3,7.56,0.9,88.1,112.29,15.11,127.4,0.2,0.0,0.0,0.0,357,293,luana,laptop-LUANA,empresaX
2026-04-11 12:32:30,45.9,1400.0,91.0,7.7,0.76,88.1,112.29,15.11,127.4,3.29,0.01,0.0,0.01,369,293,luana,laptop-LUANA,empresaX
2026-04-11 12:33:30,39.3,1600.0,91.2,7.71,0.75,88.1,112.3,15.1,127.4,1.1,0.08,0.09,0.18,433,293,luana,laptop-LUANA,empresaX
2026-04-11 12:34:30,36.3,1600.0,89.7,7.59,0.87,88.1,112.29,15.11,127.4,0.14,0.0,0.0,0.0,374,292,luana,laptop-LUANA,empresaX
2026-04-11 12:35:30,34.5,1400.0,89.3,7.55,0.91,88.1,112.29,15.11,127.4,0.56,0.0,0.0,0.0,334,296,luana,laptop-LUANA,empresaX
2026-04-11 12:36:30,16.8,1400.0,88.4,7.48,0.98,88.1,112.3,15.1,127.4,0.31,0.02,0.0,0.02,246,292,luana,laptop-LUANA,empresaX
2026-04-11 12:37:30,25.6,1400.0,94.7,8.01,0.45,88.1,112.3,15.1,127.4,0.98,0.01,0.0,0.01,281,299,luana,laptop-LUANA,empresaX
2026-04-11 12:38:30,37.9,1400.0,95.0,8.04,0.42,88.1,112.3,15.1,127.4,1.38,0.02,0.04,0.05,308,294,luana,laptop-LUANA,empresaX
2026-04-11 12:39:30,30.2,1400.0,92.2,7.8,0.66,88.1,112.3,15.1,127.4,0.34,0.03,0.01,0.03,259,293,luana,laptop-LUANA,empresaX
2026-04-11 12:40:30,21.0,1400.0,94.0,7.95,0.51,88.1,112.3,15.1,127.4,1.14,0.0,0.0,0.0,229,301,luana,laptop-LUANA,empresaX
2026-04-11 12:41:30,47.4,1400.0,94.6,8.01,0.45,88.1,112.29,15.11,127.4,6.86,0.01,0.0,0.01,231,300,luana,laptop-LUANA,empresaX
2026-04-11 12:42:30,40.6,1400.0,95.1,8.04,0.42,88.1,112.29,15.11,127.4,0.59,0.01,0.0,0.01,407,301,luana,laptop-LUANA,empresaX
2026-04-11 12:43:30,49.9,1400.0,94.5,7.99,0.47,88.1,112.29,15.11,127.4,0.14,0.0,0.0,0.0,479,294,luana,laptop-LUANA,empresaX
2026-04-11 12:44:30,38.0,1400.0,87.8,7.43,1.03,88.1,112.29,15.11,127.4,0.88,0.01,0.0,0.01,392,292,luana,laptop-LUANA,empresaX
2026-04-11 12:45:30,51.9,1400.0,89.5,7.57,0.89,88.1,112.29,15.11,127.4,0.51,0.09,0.09,0.18,384,298,luana,laptop-LUANA,empresaX
2026-04-11 12:46:30,36.3,1600.0,91.5,7.74,0.72,88.1,112.29,15.11,127.4,0.31,0.01,0.0,0.01,464,292,luana,laptop-LUANA,empresaX
2026-04-11 12:47:30,36.3,1400.0,91.5,7.74,0.72,88.1,112.29,15.11,127.4,1.05,0.02,0.01,0.03,448,291,luana,laptop-LUANA,empresaX
2026-04-11 12:48:30,39.8,1400.0,91.8,7.77,0.69,88.1,112.29,15.11,127.4,0.19,0.01,0.0,0.01,388,292,luana,laptop-LUANA,empresaX
2026-04-11 12:49:30,38.5,1600.0,86.9,7.35,1.1,88.1,112.29,15.11,127.4,0.39,0.01,0.0,0.02,377,293,luana,laptop-LUANA,empresaX
2026-04-11 12:50:30,34.2,1400.0,88.3,7.47,0.99,88.1,112.29,15.11,127.4,0.41,0.01,0.0,0.01,408,296,luana,laptop-LUANA,empresaX
2026-04-11 12:51:30,53.0,1600.0,87.5,7.4,1.05,88.1,112.29,15.11,127.4,0.09,0.02,0.2,0.22,368,290,luana,laptop-LUANA,empresaX
2026-04-11 12:52:30,40.2,1400.0,87.8,7.42,1.03,88.1,112.29,15.11,127.4,0.38,0.0,0.0,0.0,396,291,luana,laptop-LUANA,empresaX
2026-04-11 12:53:30,52.2,1600.0,89.6,7.58,0.88,88.1,112.29,15.11,127.4,0.45,0.01,0.01,0.02,437,294,luana,laptop-LUANA,empresaX
2026-04-11 12:54:30,27.8,1600.0,92.3,7.81,0.65,89.0,113.4,14.0,127.4,0.23,0.0,0.0,0.0,357,297,luana,laptop-LUANA,empresaX
2026-04-11 12:55:30,16.3,1400.0,92.4,7.82,0.64,89.0,113.39,14.0,127.4,0.1,0.01,0.0,0.01,524,300,luana,laptop-LUANA,empresaX
2026-04-11 12:56:30,15.4,1400.0,91.3,7.72,0.73,89.0,113.4,14.0,127.4,0.24,0.0,0.0,0.0,499,297,luana,laptop-LUANA,empresaX
2026-04-11 12:57:30,37.8,1400.0,94.4,7.98,0.48,89.0,113.4,14.0,127.4,0.28,0.01,0.0,0.01,236,301,luana,laptop-LUANA,empresaX
2026-04-11 12:58:30,38.2,1400.0,91.4,7.73,0.73,89.0,113.41,13.99,127.4,0.38,0.02,0.0,0.02,219,298,luana,laptop-LUANA,empresaX
2026-04-11 12:59:30,40.7,1400.0,86.6,7.33,1.13,89.0,113.41,13.99,127.4,0.6,0.08,0.09,0.16,203,298,luana,laptop-LUANA,empresaX
2026-04-11 13:00:30,14.3,1600.0,91.4,7.73,0.73,89.0,113.41,13.99,127.4,0.32,0.01,0.0,0.01,202,301,luana,laptop-LUANA,empresaX
2026-04-11 13:01:30,34.3,1600.0,93.3,7.89,0.57,89.0,113.41,13.99,127.4,0.62,0.02,0.1,0.12,215,295,luana,laptop-LUANA,empresaX
2026-04-11 13:02:30,34.0,1400.0,90.8,7.68,0.78,89.0,113.41,13.99,127.4,1.2,0.0,0.05,0.05,338,293,luana,laptop-LUANA,empresaX
2026-04-11 13:03:30,14.6,1400.0,91.4,7.73,0.73,89.0,113.41,13.99,127.4,0.29,0.01,0.0,0.01,263,293,luana,laptop-LUANA,empresaX
2026-04-11 13:04:30,33.3,1400.0,87.9,7.44,1.02,89.0,113.41,13.99,127.4,0.63,0.03,0.02,0.04,253,292,luana,laptop-LUANA,empresaX
2026-04-11 13:05:30,25.4,1400.0,92.5,7.83,0.63,89.0,113.41,13.99,127.4,0.38,0.0,0.0,0.0,240,298,luana,laptop-LUANA,empresaX
2026-04-11 13:06:30,43.7,1600.0,91.4,7.73,0.73,89.0,113.41,13.99,127.4,0.5,0.08,0.09,0.17,211,294,luana,laptop-LUANA,empresaX
2026-04-11 13:07:30,19.4,1400.0,91.6,7.75,0.71,89.0,113.4,14.0,127.4,0.02,0.0,0.0,0.0,190,294,luana,laptop-LUANA,empresaX
2026-04-11 13:08:30,28.6,1400.0,92.3,7.81,0.65,89.0,113.41,13.99,127.4,0.33,0.01,0.0,0.01,200,294,luana,laptop-LUANA,empresaX
2026-04-11 13:09:30,26.5,1600.0,86.0,7.28,1.18,89.0,113.4,14.0,127.4,0.32,0.0,0.0,0.0,206,297,luana,laptop-LUANA,empresaX
2026-04-11 13:10:30,25.0,1400.0,87.6,7.41,1.05,89.0,113.41,13.99,127.4,0.22,0.0,0.0,0.0,200,301,luana,laptop-LUANA,empresaX
2026-04-11 13:11:30,39.0,1400.0,87.4,7.4,1.06,89.0,113.41,13.99,127.4,0.3,0.0,0.0,0.0,202,297,luana,laptop-LUANA,empresaX
2026-04-11 13:12:30,35.6,1400.0,87.3,7.38,1.08,89.0,113.41,13.99,127.4,0.18,0.01,0.01,0.02,205,296,luana,laptop-LUANA,empresaX
2026-04-11 13:13:30,14.9,1400.0,87.0,7.36,1.1,89.0,113.41,13.99,127.4,0.61,0.01,0.0,0.01,193,297,luana,laptop-LUANA,empresaX
2026-04-11 13:14:30,19.3,1400.0,83.9,7.1,1.36,89.0,113.41,13.99,127.4,0.21,0.02,0.01,0.03,184,296,luana,laptop-LUANA,empresaX
2026-04-11 13:15:30,29.7,1400.0,85.7,7.25,1.21,89.0,113.41,13.99,127.4,0.2,0.01,0.0,0.01,189,300,luana,laptop-LUANA,empresaX
2026-04-11 13:16:30,24.1,1400.0,84.1,7.12,1.34,89.0,113.41,13.99,127.4,0.39,0.02,0.01,0.02,179,297,luana,laptop-LUANA,empresaX
2026-04-11 13:17:30,20.1,1400.0,84.7,7.16,1.3,89.0,113.39,14.01,127.4,0.14,0.01,0.0,0.01,181,294,luana,laptop-LUANA,empresaX
2026-04-11 13:18:30,37.6,1400.0,85.0,7.19,1.27,89.0,113.38,14.02,127.4,0.25,0.07,0.01,0.08,184,294,luana,laptop-LUANA,empresaX
2026-04-11 13:19:30,59.3,1400.0,85.3,7.22,1.24,89.0,113.38,14.02,127.4,1.84,0.11,0.09,0.2,188,299,luana,laptop-LUANA,empresaX
2026-04-11 13:20:30,40.3,1400.0,85.5,7.23,1.23,89.0,113.38,14.02,127.4,1.84,0.03,0.01,0.04,179,301,luana,laptop-LUANA,empresaX
2026-04-11 13:21:30,36.1,1400.0,84.4,7.14,1.32,89.0,113.38,14.02,127.4,0.07,0.01,0.01,0.02,181,296,luana,laptop-LUANA,empresaX
2026-04-11 13:22:30,22.3,1400.0,84.9,7.18,1.28,89.0,113.38,14.02,127.4,0.32,0.02,0.01,0.03,218,297,luana,laptop-LUANA,empresaX
2026-04-11 13:23:30,69.4,1400.0,85.4,7.22,1.24,89.0,113.38,14.02,127.4,10.23,0.09,0.15,0.24,197,299,luana,laptop-LUANA,empresaX
2026-04-11 13:24:30,32.9,1400.0,84.2,7.12,1.34,89.0,113.38,14.02,127.4,0.38,0.03,0.01,0.04,187,298,luana,laptop-LUANA,empresaX
2026-04-11 13:25:30,28.5,1400.0,84.0,7.11,1.35,89.0,113.39,14.01,127.4,4.57,0.01,0.01,0.02,190,300,luana,laptop-LUANA,empresaX
2026-04-11 13:26:30,30.5,1600.0,83.7,7.08,1.38,89.0,113.39,14.01,127.4,0.15,0.07,0.06,0.13,191,296,luana,laptop-LUANA,empresaX
2026-04-11 13:27:30,31.3,1400.0,83.7,7.08,1.38,89.0,113.39,14.01,127.4,0.04,0.0,0.0,0.0,184,296,luana,laptop-LUANA,empresaX
2026-04-11 13:28:30,16.7,1400.0,86.0,7.27,1.19,89.0,113.39,14.01,127.4,0.93,0.01,0.0,0.01,188,296,luana,laptop-LUANA,empresaX
2026-04-11 13:29:30,33.9,1400.0,85.9,7.27,1.19,89.0,113.39,14.01,127.4,0.41,0.0,0.0,0.0,181,297,luana,laptop-LUANA,empresaX
2026-04-11 13:30:30,39.7,1400.0,87.0,7.36,1.1,89.0,113.39,14.01,127.4,0.84,0.0,0.0,0.0,193,300,luana,laptop-LUANA,empresaX
2026-04-11 13:31:30,49.7,1400.0,85.6,7.24,1.22,89.0,113.39,14.01,127.4,0.28,0.08,0.09,0.17,182,298,luana,laptop-LUANA,empresaX
2026-04-11 13:32:30,37.4,1400.0,88.0,7.44,1.01,89.0,113.39,14.01,127.4,0.49,0.0,0.0,0.01,205,298,luana,laptop-LUANA,empresaX
2026-04-11 13:33:30,24.6,1400.0,88.7,7.51,0.95,89.0,113.39,14.0,127.4,2.12,0.01,0.0,0.01,234,298,luana,laptop-LUANA,empresaX
2026-04-11 13:34:30,30.2,1600.0,89.7,7.58,0.88,89.0,113.39,14.01,127.4,0.25,0.01,0.0,0.01,247,300,luana,laptop-LUANA,empresaX
2026-04-11 13:35:30,29.6,1600.0,90.5,7.66,0.8,89.0,113.39,14.01,127.4,0.64,0.02,0.0,0.02,244,303,luana,laptop-LUANA,empresaX
2026-04-11 13:36:30,20.1,1600.0,86.9,7.35,1.11,89.0,113.39,14.01,127.4,0.35,0.0,0.0,0.0,209,300,luana,laptop-LUANA,empresaX
2026-04-11 13:37:30,17.5,1600.0,86.9,7.35,1.11,89.0,113.4,14.0,127.4,0.07,0.0,0.0,0.0,192,297,luana,laptop-LUANA,empresaX
2026-04-11 13:38:30,27.5,1600.0,90.0,7.61,0.85,89.0,113.4,14.0,127.4,0.4,0.01,0.0,0.01,244,299,luana,laptop-LUANA,empresaX
2026-04-11 13:39:30,37.5,1600.0,88.2,7.46,0.99,89.0,113.4,14.0,127.4,0.23,0.03,0.02,0.05,212,300,luana,laptop-LUANA,empresaX
2026-04-11 13:40:30,17.1,1600.0,90.5,7.66,0.8,89.0,113.4,14.0,127.4,0.24,0.01,0.0,0.01,200,305,luana,laptop-LUANA,empresaX
2026-04-11 13:41:30,24.5,1600.0,89.0,7.52,0.93,89.0,113.4,14.0,127.4,0.49,0.02,0.02,0.04,199,300,luana,laptop-LUANA,empresaX
2026-04-11 13:42:30,33.7,1600.0,88.5,7.49,0.97,89.0,113.41,13.99,127.4,0.66,0.0,0.0,0.0,192,299,luana,laptop-LUANA,empresaX
2026-04-11 13:43:30,32.7,1600.0,89.6,7.57,0.88,89.0,113.41,13.99,127.4,0.69,0.03,0.02,0.05,193,300,luana,laptop-LUANA,empresaX
2026-04-11 13:44:30,40.9,1600.0,87.0,7.36,1.1,89.0,113.41,13.99,127.4,0.11,0.02,0.01,0.03,187,298,luana,laptop-LUANA,empresaX
2026-04-11 13:45:30,24.9,1600.0,89.1,7.54,0.92,89.0,113.41,13.99,127.4,0.38,0.08,0.07,0.15,190,302,luana,laptop-LUANA,empresaX
2026-04-11 13:46:30,20.8,1600.0,87.2,7.37,1.09,89.0,113.4,14.0,127.4,0.06,0.03,0.02,0.05,182,298,luana,laptop-LUANA,empresaX
2026-04-11 13:47:30,31.7,1600.0,87.3,7.38,1.08,89.0,113.4,14.0,127.4,0.2,0.07,0.08,0.15,179,299,luana,laptop-LUANA,empresaX
2026-04-11 13:48:30,37.5,1600.0,93.7,7.93,0.53,89.0,113.4,14.0,127.4,47.58,0.02,0.05,0.07,259,299,luana,laptop-LUANA,empresaX
2026-04-11 13:49:30,23.8,1600.0,91.2,7.71,0.74,89.0,113.41,13.99,127.4,0.29,0.06,0.06,0.12,199,297,luana,laptop-LUANA,empresaX
2026-04-11 13:50:30,25.9,1600.0,91.7,7.76,0.7,89.0,113.41,13.99,127.4,0.06,0.03,0.14,0.17,200,300,luana,laptop-LUANA,empresaX
2026-04-11 13:51:30,41.3,1600.0,92.7,7.84,0.62,89.0,113.41,13.99,127.4,4.62,0.07,0.07,0.14,199,299,luana,laptop-LUANA,empresaX
2026-04-11 13:52:30,58.7,1600.0,93.1,7.87,0.58,89.0,113.41,13.99,127.4,7.31,0.01,0.0,0.01,247,300,luana,laptop-LUANA,empresaX
2026-04-14 09:44:54,15.8,2400.0,63.9,10.8,6.09,78.9,403.47,107.59,511.06,0.62,0.0,0.0,0.01,93,318,Luiz,laptop-LUIZ,empresaX
2026-04-14 09:45:54,9.5,1520.0,64.1,10.83,6.06,78.9,403.47,107.59,511.06,0.11,0.0,0.0,0.0,90,320,Luiz,laptop-LUIZ,empresaX
2026-04-14 09:46:54,12.0,1520.0,63.8,10.78,6.11,78.9,403.47,107.59,511.06,2.91,0.01,0.18,0.19,88,321,Luiz,laptop-LUIZ,empresaX
2026-04-14 09:47:54,5.9,1520.0,64.1,10.83,6.06,78.9,403.47,107.59,511.06,0.08,0.0,0.0,0.0,81,321,Luiz,laptop-LUIZ,empresaX
2026-04-14 09:48:54,4.3,2400.0,63.9,10.79,6.1,78.9,403.47,107.59,511.06,0.05,0.0,0.0,0.0,80,314,Luiz,laptop-LUIZ,empresaX
2026-04-14 09:49:54,15.8,2400.0,63.4,10.71,6.18,78.9,403.47,107.59,511.06,2.0,0.0,0.01,0.01,76,306,Luiz,laptop-LUIZ,empresaX
2026-04-14 09:50:54,1.8,1520.0,55.6,9.4,7.5,78.9,403.46,107.61,511.06,0.0,0.0,0.0,0.0,80,283,Luiz,laptop-LUIZ,empresaX
2026-04-14 09:51:54,3.2,2400.0,55.8,9.42,7.47,78.9,403.46,107.61,511.06,0.0,0.0,0.0,0.0,86,285,Luiz,laptop-LUIZ,empresaX
2026-04-14 09:52:54,3.2,2400.0,55.7,9.41,7.48,78.9,403.46,107.61,511.06,0.07,0.0,0.01,0.01,78,284,Luiz,laptop-LUIZ,empresaX
2026-04-14 09:53:54,2.2,2400.0,54.6,9.23,7.66,78.9,403.46,107.61,511.06,0.0,0.0,0.0,0.0,76,290,Luiz,laptop-LUIZ,empresaX
2026-04-14 09:54:54,6.9,1520.0,54.6,9.22,7.67,78.9,403.46,107.61,511.06,0.02,0.0,0.01,0.01,77,288,Luiz,laptop-LUIZ,empresaX
2026-04-14 09:55:54,3.6,1520.0,53.6,9.06,7.83,78.9,403.46,107.61,511.06,0.0,0.0,0.0,0.0,67,288,Luiz,laptop-LUIZ,empresaX
2026-04-14 09:56:54,4.1,2400.0,54.9,9.27,7.62,78.9,403.46,107.61,511.06,0.0,0.0,0.0,0.0,70,290,Luiz,laptop-LUIZ,empresaX
2026-04-14 09:57:54,3.2,2400.0,54.8,9.26,7.63,78.9,403.46,107.61,511.06,0.09,0.0,0.0,0.0,74,287,Luiz,laptop-LUIZ,empresaX
2026-04-14 09:58:54,3.3,1520.0,54.1,9.14,7.75,78.9,403.46,107.61,511.06,0.28,0.0,0.0,0.0,70,286,Luiz,laptop-LUIZ,empresaX
2026-04-14 09:59:54,2.8,2400.0,54.3,9.17,7.72,78.9,403.46,107.61,511.06,0.11,0.0,0.01,0.01,72,286,Luiz,laptop-LUIZ,empresaX
2026-04-14 10:04:46,4.0,2400.0,58.9,9.95,6.94,78.9,403.46,107.6,511.06,0.79,0.0,0.0,0.01,113,294,Luiz,laptop-LUIZ,empresaX
2026-04-14 10:05:46,3.0,2400.0,61.3,10.35,6.54,78.9,403.46,107.6,511.06,0.0,0.0,0.0,0.0,108,297,Luiz,laptop-LUIZ,empresaX
2026-04-14 10:06:46,6.7,2400.0,61.1,10.32,6.57,78.9,403.46,107.6,511.06,0.06,0.0,0.0,0.0,85,297,Luiz,laptop-LUIZ,empresaX
2026-04-14 10:07:46,3.4,2400.0,64.0,10.81,6.08,78.9,403.46,107.6,511.06,0.01,0.0,0.0,0.0,79,303,Luiz,laptop-LUIZ,empresaX
2026-04-14 10:08:46,28.6,2400.0,81.8,13.82,3.07,78.9,403.46,107.6,511.06,1.18,0.0,0.0,0.0,239,311,Luiz,laptop-LUIZ,empresaX
2026-04-14 10:09:46,5.8,2400.0,82.1,13.87,3.02,78.9,403.46,107.6,511.06,0.0,0.0,0.01,0.01,239,311,Luiz,laptop-LUIZ,empresaX
2026-04-14 10:10:46,3.2,2400.0,81.9,13.84,3.05,78.9,403.46,107.6,511.06,0.0,0.0,0.0,0.0,119,309,Luiz,laptop-LUIZ,empresaX
2026-04-14 10:11:46,3.6,2400.0,82.3,13.9,2.99,78.9,403.47,107.6,511.06,0.0,0.0,0.01,0.01,169,310,Luiz,laptop-LUIZ,empresaX
2026-04-14 10:12:46,3.8,1520.0,82.1,13.87,3.02,78.9,403.47,107.6,511.06,0.15,0.0,0.01,0.01,172,309,Luiz,laptop-LUIZ,empresaX
2026-04-14 10:13:46,2.1,2400.0,82.2,13.89,3.0,78.9,403.47,107.6,511.06,0.0,0.0,0.0,0.0,139,311,Luiz,laptop-LUIZ,empresaX
2026-04-14 10:14:46,2.2,1520.0,75.2,12.7,4.19,78.9,403.47,107.6,511.06,0.0,0.0,0.0,0.0,122,313,Luiz,laptop-LUIZ,empresaX
2026-04-14 10:15:46,3.6,1520.0,75.8,12.8,4.09,78.9,403.47,107.6,511.06,0.0,0.0,0.01,0.01,118,313,Luiz,laptop-LUIZ,empresaX
2026-04-14 10:16:46,4.2,1520.0,76.1,12.85,4.04,78.9,403.47,107.6,511.06,0.0,0.0,0.0,0.01,112,313,Luiz,laptop-LUIZ,empresaX
2026-04-14 10:17:46,2.4,2400.0,76.6,12.93,3.96,78.9,403.47,107.6,511.06,0.03,0.0,0.01,0.01,109,312,Luiz,laptop-LUIZ,empresaX
2026-04-14 10:18:46,2.6,1520.0,76.9,12.99,3.9,78.9,403.47,107.6,511.06,0.03,0.0,0.0,0.0,102,312,Luiz,laptop-LUIZ,empresaX
2026-04-14 10:19:46,2.4,2400.0,77.4,13.07,3.82,78.9,403.47,107.6,511.06,0.01,0.0,0.01,0.01,110,311,Luiz,laptop-LUIZ,empresaX
2026-04-14 10:20:46,2.1,1520.0,76.9,12.98,3.91,78.9,403.47,107.6,511.06,0.0,0.0,0.0,0.0,109,314,Luiz,laptop-LUIZ,empresaX
2026-04-14 10:21:46,3.0,2400.0,76.7,12.96,3.93,78.9,403.47,107.6,511.06,0.0,0.0,0.0,0.0,102,309,Luiz,laptop-LUIZ,empresaX
2026-04-14 10:22:46,10.1,2400.0,79.6,13.45,3.44,78.9,403.48,107.58,511.06,0.0,0.0,0.01,0.01,131,309,Luiz,laptop-LUIZ,empresaX
2026-04-14 10:23:46,12.5,1520.0,78.7,13.29,3.6,78.9,403.48,107.58,511.06,0.0,0.0,0.0,0.0,139,309,Luiz,laptop-LUIZ,empresaX
2026-04-14 10:24:46,6.9,2400.0,79.9,13.49,3.4,78.9,403.48,107.58,511.06,0.0,0.0,0.01,0.01,140,311,Luiz,laptop-LUIZ,empresaX
2026-04-14 10:25:46,3.7,2400.0,79.7,13.46,3.43,78.9,403.49,107.58,511.06,0.05,0.0,0.0,0.0,142,311,Luiz,laptop-LUIZ,empresaX
2026-04-14 10:26:46,10.7,1520.0,80.3,13.57,3.32,79.0,403.49,107.57,511.06,0.05,0.0,0.01,0.01,163,314,Luiz,laptop-LUIZ,empresaX
2026-04-14 10:27:46,15.7,2400.0,82.3,13.91,2.98,79.0,403.71,107.35,511.06,0.37,0.0,0.03,0.04,168,314,Luiz,laptop-LUIZ,empresaX
2026-04-14 10:28:46,10.5,2400.0,88.1,14.87,2.02,79.0,403.89,107.17,511.06,14.23,0.0,0.0,0.01,201,324,Luiz,laptop-LUIZ,empresaX
2026-04-14 10:29:46,9.7,2400.0,86.6,14.63,2.26,79.0,403.89,107.17,511.06,2.61,0.0,0.0,0.0,213,323,Luiz,laptop-LUIZ,empresaX
2026-04-14 10:30:46,12.3,2400.0,87.8,14.84,2.05,79.0,403.9,107.16,511.06,0.41,0.0,0.0,0.01,189,321,Luiz,laptop-LUIZ,empresaX
2026-04-14 10:31:46,8.8,2400.0,86.8,14.66,2.23,79.0,403.9,107.16,511.06,0.12,0.0,0.01,0.01,170,322,Luiz,laptop-LUIZ,empresaX
2026-04-14 10:32:46,9.6,1520.0,87.9,14.85,2.04,79.0,403.9,107.16,511.06,1.46,0.01,0.03,0.04,170,323,Luiz,laptop-LUIZ,empresaX
2026-04-14 10:33:46,8.4,2400.0,90.2,15.24,1.65,79.0,403.91,107.15,511.06,0.28,0.0,0.0,0.0,171,325,Luiz,laptop-LUIZ,empresaX
2026-04-14 10:34:46,14.9,2400.0,90.2,15.24,1.65,79.0,403.91,107.15,511.06,0.0,0.0,0.01,0.01,161,324,Luiz,laptop-LUIZ,empresaX
2026-04-14 10:35:46,19.6,2400.0,93.6,15.8,1.09,79.0,403.91,107.16,511.06,11.35,0.01,0.15,0.15,177,351,Luiz,laptop-LUIZ,empresaX
2026-04-14 10:36:46,14.6,2400.0,91.0,15.37,1.52,79.0,403.91,107.16,511.06,0.13,0.0,0.0,0.0,174,335,Luiz,laptop-LUIZ,empresaX
2026-04-14 10:37:46,9.4,2400.0,92.8,15.67,1.22,79.0,403.91,107.15,511.06,3.75,0.01,0.01,0.02,149,330,Luiz,laptop-LUIZ,empresaX
2026-04-14 10:38:46,14.3,2400.0,92.2,15.58,1.31,79.0,403.93,107.14,511.06,162.45,0.0,0.0,0.0,192,335,Luiz,laptop-LUIZ,empresaX
2026-04-14 10:39:46,7.4,2400.0,93.0,15.7,1.19,79.0,403.93,107.14,511.06,0.66,0.0,0.01,0.01,214,337,Luiz,laptop-LUIZ,empresaX
2026-04-14 10:40:46,35.5,2400.0,93.5,15.79,1.1,79.0,403.94,107.13,511.06,22.41,0.07,0.14,0.21,258,341,Luiz,laptop-LUIZ,empresaX
2026-04-14 10:41:46,32.5,2400.0,93.9,15.86,1.03,79.0,403.94,107.13,511.06,4.44,0.0,0.01,0.01,261,336,Luiz,laptop-LUIZ,empresaX
2026-04-14 10:42:46,1.3,2400.0,92.7,15.66,1.23,79.0,403.94,107.12,511.06,0.1,0.0,0.01,0.01,243,333,Luiz,laptop-LUIZ,empresaX
2026-04-14 10:43:46,1.4,2400.0,92.5,15.62,1.27,79.0,403.94,107.12,511.06,0.0,0.0,0.0,0.0,223,332,Luiz,laptop-LUIZ,empresaX
2026-04-14 10:44:46,1.2,2400.0,90.6,15.31,1.58,79.0,403.94,107.13,511.06,0.0,0.0,0.0,0.0,199,331,Luiz,laptop-LUIZ,empresaX
2026-04-14 10:45:46,5.9,2400.0,90.7,15.32,1.57,79.0,403.94,107.13,511.06,0.04,0.0,0.01,0.01,191,332,Luiz,laptop-LUIZ,empresaX
2026-04-14 10:46:46,29.4,2400.0,88.0,14.86,2.03,79.0,403.88,107.18,511.06,68.62,0.0,0.01,0.01,186,349,Luiz,laptop-LUIZ,empresaX
2026-04-14 10:47:46,6.7,2400.0,87.0,14.7,2.19,79.0,403.89,107.18,511.06,0.06,0.0,0.0,0.0,155,343,Luiz,laptop-LUIZ,empresaX
2026-04-14 10:48:46,12.6,2400.0,89.6,15.13,1.76,79.1,404.16,106.91,511.06,9.41,0.0,0.01,0.01,144,346,Luiz,laptop-LUIZ,empresaX
2026-04-14 10:49:46,12.7,2400.0,88.2,14.89,2.0,79.1,404.45,106.61,511.06,67.58,0.02,0.95,0.98,149,344,Luiz,laptop-LUIZ,empresaX
2026-04-14 10:50:46,3.4,2400.0,87.0,14.69,2.2,79.2,404.62,106.45,511.06,5.13,0.02,0.94,0.97,148,341,Luiz,laptop-LUIZ,empresaX
2026-04-14 10:51:46,15.2,2400.0,86.4,14.6,2.29,79.2,404.6,106.46,511.06,8.41,0.02,0.96,0.97,127,337,Luiz,laptop-LUIZ,empresaX
2026-04-14 10:52:46,7.4,2400.0,86.2,14.56,2.33,79.2,404.6,106.46,511.06,2.12,0.02,0.97,0.99,119,335,Luiz,laptop-LUIZ,empresaX
2026-04-14 10:53:46,8.0,2400.0,86.8,14.65,2.24,79.2,404.6,106.46,511.06,6.32,0.02,0.97,0.99,135,339,Luiz,laptop-LUIZ,empresaX
2026-04-14 10:54:46,1.5,2400.0,86.0,14.53,2.36,79.1,404.04,107.03,511.06,0.28,0.0,0.01,0.01,130,336,Luiz,laptop-LUIZ,empresaX
2026-04-14 10:55:46,1.7,2400.0,86.0,14.52,2.37,79.1,404.04,107.03,511.06,0.0,0.0,0.01,0.01,128,334,Luiz,laptop-LUIZ,empresaX
2026-04-14 10:56:46,8.8,2400.0,85.9,14.51,2.38,79.1,404.04,107.03,511.06,0.0,0.0,0.01,0.01,122,333,Luiz,laptop-LUIZ,empresaX
2026-04-14 11:36:49,64.3,2400.0,88.5,14.95,1.94,79.1,404.04,107.03,511.06,164.34,0.05,0.05,0.1,166,342,Luiz,laptop-LUIZ,empresaX
2026-04-14 11:37:49,5.9,2400.0,93.0,15.7,1.19,79.1,404.04,107.02,511.06,5.42,0.01,0.0,0.01,186,337,Luiz,laptop-LUIZ,empresaX
2026-04-14 11:38:49,3.5,1520.0,92.7,15.65,1.24,79.1,404.04,107.02,511.06,0.09,0.0,0.0,0.0,155,332,Luiz,laptop-LUIZ,empresaX
2026-04-14 11:39:49,2.2,2400.0,92.8,15.67,1.22,79.1,404.05,107.01,511.06,0.15,0.0,0.0,0.0,137,334,Luiz,laptop-LUIZ,empresaX
2026-04-14 11:40:49,2.2,2400.0,84.1,14.2,2.69,79.1,404.06,107.0,511.06,0.06,0.01,0.02,0.02,132,337,Luiz,laptop-LUIZ,empresaX
2026-04-14 11:41:49,22.3,2400.0,84.6,14.29,2.6,79.1,404.06,107.0,511.06,11.34,0.0,0.01,0.01,126,344,Luiz,laptop-LUIZ,empresaX
2026-04-14 11:42:49,2.8,2400.0,84.0,14.2,2.69,79.1,404.06,107.0,511.06,1.34,0.0,0.0,0.0,118,338,Luiz,laptop-LUIZ,empresaX
2026-04-14 11:43:49,2.8,2400.0,80.5,13.6,3.29,79.1,404.07,107.0,511.06,0.03,0.0,0.0,0.0,115,332,Luiz,laptop-LUIZ,empresaX
2026-04-14 11:44:49,3.0,2400.0,80.7,13.63,3.26,79.1,404.07,107.0,511.06,0.01,0.0,0.0,0.01,115,332,Luiz,laptop-LUIZ,empresaX
2026-04-14 11:45:49,3.6,2400.0,80.5,13.6,3.29,79.1,404.07,107.0,511.06,0.0,0.0,0.01,0.01,112,332,Luiz,laptop-LUIZ,empresaX
2026-04-14 11:46:49,5.7,2400.0,81.6,13.78,3.11,79.1,404.07,107.0,511.06,5.68,0.0,0.01,0.01,119,340,Luiz,laptop-LUIZ,empresaX
2026-04-14 11:47:49,14.2,2400.0,84.3,14.24,2.65,79.1,404.08,106.99,511.06,24.97,0.0,0.0,0.01,130,347,Luiz,laptop-LUIZ,empresaX
2026-04-14 11:48:49,7.5,2400.0,81.8,13.82,3.07,79.1,404.08,106.99,511.06,0.06,0.0,0.0,0.0,119,339,Luiz,laptop-LUIZ,empresaX
2026-04-14 11:49:49,4.4,2400.0,82.7,13.96,2.93,79.1,404.08,106.99,511.06,0.18,0.0,0.01,0.01,119,337,Luiz,laptop-LUIZ,empresaX
2026-04-14 11:50:49,6.6,2400.0,82.3,13.91,2.98,79.1,404.08,106.99,511.06,0.1,0.0,0.01,0.01,114,333,Luiz,laptop-LUIZ,empresaX
2026-04-14 11:51:49,13.1,2400.0,82.7,13.97,2.92,79.1,404.08,106.99,511.06,1.02,0.02,0.01,0.03,127,337,Luiz,laptop-LUIZ,empresaX
2026-04-14 11:52:49,8.0,2400.0,83.8,14.15,2.74,79.1,404.08,106.99,511.06,0.14,0.0,0.0,0.01,137,336,Luiz,laptop-LUIZ,empresaX
2026-04-14 11:53:49,6.4,2400.0,82.9,14.01,2.88,79.1,404.08,106.99,511.06,0.15,0.0,0.0,0.0,132,333,Luiz,laptop-LUIZ,empresaX
2026-04-14 11:54:49,6.5,2400.0,83.9,14.17,2.72,79.1,404.08,106.99,511.06,0.08,0.0,0.01,0.01,128,333,Luiz,laptop-LUIZ,empresaX
2026-04-14 11:55:49,11.5,2400.0,83.4,14.09,2.8,79.1,404.08,106.99,511.06,0.23,0.0,0.0,0.0,127,333,Luiz,laptop-LUIZ,empresaX
2026-04-14 11:56:49,3.8,2400.0,85.0,14.36,2.53,79.1,404.09,106.97,511.06,0.18,0.0,0.0,0.01,139,338,Luiz,laptop-LUIZ,empresaX
2026-04-14 11:57:49,8.4,2400.0,85.1,14.38,2.51,79.1,404.09,106.97,511.06,0.07,0.0,0.01,0.01,136,338,Luiz,laptop-LUIZ,empresaX
2026-04-14 11:58:49,7.0,2400.0,83.5,14.1,2.79,79.1,404.12,106.94,511.06,1.14,0.03,0.97,1.0,116,338,Luiz,laptop-LUIZ,empresaX
2026-04-14 11:59:49,11.2,1520.0,84.7,14.31,2.59,78.7,402.19,108.88,511.06,1.4,0.0,0.01,0.01,137,346,Luiz,laptop-LUIZ,empresaX
2026-04-14 12:00:49,4.4,2400.0,89.6,15.13,1.76,78.7,402.17,108.89,511.06,0.12,0.0,0.01,0.01,158,344,Luiz,laptop-LUIZ,empresaX
2026-04-14 12:01:49,14.8,2400.0,87.6,14.79,2.1,78.7,402.18,108.89,511.06,0.43,0.0,0.01,0.01,149,342,Luiz,laptop-LUIZ,empresaX
2026-04-14 12:02:49,4.4,2400.0,87.6,14.8,2.09,78.7,402.18,108.89,511.06,0.06,0.0,0.0,0.0,140,340,Luiz,laptop-LUIZ,empresaX
2026-04-14 12:03:49,22.2,2400.0,87.3,14.75,2.14,78.7,402.18,108.89,511.06,0.09,0.0,0.0,0.0,135,339,Luiz,laptop-LUIZ,empresaX
2026-04-14 12:04:49,20.6,2400.0,86.8,14.66,2.23,78.7,402.16,108.91,511.06,0.04,0.0,0.0,0.0,138,339,Luiz,laptop-LUIZ,empresaX
2026-04-14 12:05:49,10.2,2400.0,86.7,14.65,2.24,78.7,402.16,108.91,511.06,0.1,0.0,0.01,0.01,138,337,Luiz,laptop-LUIZ,empresaX
2026-04-14 12:06:49,10.0,2400.0,87.0,14.69,2.2,78.7,402.16,108.91,511.06,0.09,0.03,0.01,0.03,143,338,Luiz,laptop-LUIZ,empresaX
2026-04-06 13:46:17,10.8,1520.0,68.0,11.49,5.4,74.9,382.72,128.35,511.06,0.0,0.0,0.03,0.03,102,298,Matheus,laptop-MATHEUS,empresaX
2026-04-06 13:47:17,14.8,1520.0,70.2,11.85,5.04,74.9,382.71,128.35,511.06,0.29,0.38,0.03,0.4,106,297,Matheus,laptop-MATHEUS,empresaX
2026-04-06 13:48:17,3.6,2400.0,69.0,11.66,5.23,74.9,382.71,128.35,511.06,0.11,0.0,0.0,0.0,107,296,Matheus,laptop-MATHEUS,empresaX
2026-04-06 13:49:17,3.8,2400.0,68.9,11.65,5.24,74.9,382.71,128.35,511.06,0.0,0.0,0.0,0.0,100,297,Matheus,laptop-MATHEUS,empresaX
2026-04-06 13:50:17,2.8,1520.0,68.7,11.6,5.29,74.9,382.71,128.35,511.06,0.06,0.0,0.0,0.0,97,295,Matheus,laptop-MATHEUS,empresaX
2026-04-06 13:51:17,2.9,2400.0,68.6,11.59,5.3,74.9,382.72,128.35,511.06,0.0,0.0,0.0,0.0,94,294,Matheus,laptop-MATHEUS,empresaX
2026-04-06 13:52:17,4.4,2400.0,68.8,11.62,5.27,74.9,382.72,128.35,511.06,0.0,0.0,0.0,0.0,84,297,Matheus,laptop-MATHEUS,empresaX
2026-04-06 13:53:17,3.3,2400.0,68.6,11.6,5.3,74.9,382.72,128.35,511.06,0.06,0.0,0.0,0.0,79,297,Matheus,laptop-MATHEUS,empresaX
2026-04-06 13:54:17,0.8,1520.0,68.2,11.52,5.37,74.9,382.72,128.35,511.06,0.07,0.0,0.0,0.0,78,301,Matheus,laptop-MATHEUS,empresaX
2026-04-06 13:55:17,3.2,2400.0,64.3,10.87,6.02,74.9,382.72,128.35,511.06,0.08,0.01,0.0,0.01,80,299,Matheus,laptop-MATHEUS,empresaX
2026-04-06 13:56:17,3.5,1520.0,64.4,10.88,6.01,74.9,382.72,128.35,511.06,0.15,0.0,0.0,0.0,81,298,Matheus,laptop-MATHEUS,empresaX
2026-04-06 13:57:17,4.5,1520.0,66.2,11.19,5.7,74.9,382.71,128.36,511.06,0.17,0.03,0.06,0.08,160,298,Matheus,laptop-MATHEUS,empresaX
2026-04-06 13:58:17,6.6,2400.0,62.2,10.5,6.39,74.9,382.73,128.33,511.06,3.24,0.01,0.84,0.86,199,297,Matheus,laptop-MATHEUS,empresaX
2026-04-06 13:59:17,38.8,2400.0,67.2,11.36,5.53,74.9,382.81,128.26,511.06,0.3,0.39,0.1,0.49,213,305,Matheus,laptop-MATHEUS,empresaX
2026-04-06 14:00:17,7.0,2400.0,71.0,11.99,4.9,74.9,383.0,128.06,511.06,0.0,0.01,0.0,0.01,105,306,Matheus,laptop-MATHEUS,empresaX
2026-04-06 14:01:17,3.6,2400.0,70.1,11.84,5.05,74.9,383.01,128.06,511.06,0.12,0.0,0.0,0.0,110,306,Matheus,laptop-MATHEUS,empresaX
2026-04-06 14:02:17,15.0,1520.0,70.6,11.92,4.97,74.9,383.01,128.06,511.06,0.55,0.0,0.0,0.0,100,303,Matheus,laptop-MATHEUS,empresaX
2026-04-06 14:03:17,6.5,2400.0,70.1,11.84,5.05,74.9,383.01,128.06,511.06,0.06,0.01,0.0,0.01,101,302,Matheus,laptop-MATHEUS,empresaX
2026-04-06 14:04:17,11.2,2400.0,70.0,11.83,5.06,74.9,383.01,128.06,511.06,0.2,0.0,0.01,0.01,98,301,Matheus,laptop-MATHEUS,empresaX
2026-04-06 14:05:17,20.3,2400.0,68.8,11.62,5.27,74.9,383.03,128.04,511.06,0.36,0.0,0.03,0.03,108,300,Matheus,laptop-MATHEUS,empresaX
2026-04-06 14:06:17,5.9,1520.0,68.0,11.48,5.41,74.9,383.01,128.06,511.06,0.07,0.0,0.0,0.0,102,299,Matheus,laptop-MATHEUS,empresaX
2026-04-06 14:07:17,2.4,2400.0,68.1,11.5,5.39,74.9,383.01,128.06,511.06,0.14,0.0,0.01,0.01,105,303,Matheus,laptop-MATHEUS,empresaX
2026-04-06 14:08:17,8.9,2400.0,69.1,11.67,5.22,74.9,383.01,128.06,511.06,0.07,0.0,0.0,0.0,99,307,Matheus,laptop-MATHEUS,empresaX
2026-04-06 14:09:17,7.4,2400.0,67.2,11.35,5.54,74.9,382.99,128.07,511.06,0.04,0.0,0.0,0.0,115,307,Matheus,laptop-MATHEUS,empresaX
2026-04-06 14:10:17,5.8,2400.0,66.3,11.2,5.69,74.9,382.99,128.07,511.06,0.25,0.0,0.0,0.0,99,307,Matheus,laptop-MATHEUS,empresaX
2026-04-06 14:11:17,9.7,2400.0,67.1,11.34,5.55,74.9,382.99,128.07,511.06,0.0,0.01,0.0,0.02,107,308,Matheus,laptop-MATHEUS,empresaX
2026-04-06 14:12:17,6.5,2400.0,66.8,11.28,5.61,74.9,382.99,128.07,511.06,0.03,0.0,0.0,0.0,101,306,Matheus,laptop-MATHEUS,empresaX
2026-04-06 14:13:17,7.5,2400.0,66.4,11.22,5.67,74.9,382.99,128.07,511.06,0.0,0.0,0.0,0.0,98,308,Matheus,laptop-MATHEUS,empresaX
2026-04-06 14:14:17,7.1,2400.0,66.3,11.2,5.69,74.9,382.99,128.07,511.06,0.06,0.0,0.0,0.01,93,306,Matheus,laptop-MATHEUS,empresaX
2026-04-06 14:15:17,8.1,1520.0,65.1,11.0,5.89,74.9,382.99,128.07,511.06,0.12,0.0,0.01,0.01,92,305,Matheus,laptop-MATHEUS,empresaX
2026-04-06 14:16:17,7.3,2400.0,66.4,11.21,5.68,74.9,382.99,128.07,511.06,0.19,0.0,0.0,0.0,88,305,Matheus,laptop-MATHEUS,empresaX
2026-04-06 14:17:17,10.8,2400.0,66.4,11.22,5.67,74.9,383.0,128.07,511.06,0.33,0.01,0.03,0.04,86,304,Matheus,laptop-MATHEUS,empresaX
2026-04-06 14:18:17,3.4,2400.0,65.9,11.13,5.77,74.9,382.99,128.07,511.06,0.05,0.0,0.0,0.0,95,305,Matheus,laptop-MATHEUS,empresaX
2026-04-06 14:19:17,5.8,2400.0,67.4,11.39,5.5,74.9,382.99,128.07,511.06,0.19,0.0,0.0,0.01,96,306,Matheus,laptop-MATHEUS,empresaX
2026-04-06 14:20:17,4.4,2400.0,67.5,11.4,5.49,74.9,382.99,128.07,511.06,0.16,0.0,0.0,0.0,81,308,Matheus,laptop-MATHEUS,empresaX
2026-04-06 14:21:17,7.1,2400.0,68.0,11.49,5.4,74.9,382.99,128.07,511.06,0.06,0.0,0.0,0.0,88,314,Matheus,laptop-MATHEUS,empresaX
2026-04-06 14:22:17,6.8,1520.0,68.3,11.53,5.36,74.9,382.99,128.07,511.06,0.0,0.0,0.01,0.01,82,312,Matheus,laptop-MATHEUS,empresaX
2026-04-06 14:23:17,9.1,1520.0,68.3,11.53,5.36,74.9,382.99,128.07,511.06,0.08,0.0,0.01,0.01,79,310,Matheus,laptop-MATHEUS,empresaX
2026-04-06 14:24:17,1.9,2400.0,67.9,11.46,5.43,74.9,382.99,128.07,511.06,0.0,0.0,0.0,0.0,79,313,Matheus,laptop-MATHEUS,empresaX
2026-04-06 14:25:17,4.0,2400.0,68.6,11.59,5.3,74.9,382.99,128.07,511.06,0.0,0.0,0.0,0.0,88,310,Matheus,laptop-MATHEUS,empresaX
2026-04-06 14:26:17,3.2,1520.0,68.6,11.59,5.3,74.9,382.99,128.07,511.06,0.03,0.0,0.0,0.0,78,309,Matheus,laptop-MATHEUS,empresaX
2026-04-06 14:27:17,6.0,2400.0,69.2,11.68,5.21,74.9,382.99,128.07,511.06,0.12,0.0,0.01,0.01,77,312,Matheus,laptop-MATHEUS,empresaX
2026-04-06 14:28:17,4.5,2400.0,67.3,11.37,5.52,74.9,382.99,128.07,511.06,0.0,0.0,0.0,0.0,78,307,Matheus,laptop-MATHEUS,empresaX
2026-04-06 14:29:17,6.1,2400.0,67.7,11.44,5.45,74.9,382.99,128.07,511.06,0.06,0.0,0.0,0.0,85,307,Matheus,laptop-MATHEUS,empresaX
2026-04-06 14:30:17,5.7,2400.0,68.0,11.48,5.41,74.9,382.99,128.07,511.06,0.06,0.0,0.0,0.0,88,308,Matheus,laptop-MATHEUS,empresaX
2026-04-06 14:31:17,6.5,2400.0,67.2,11.34,5.55,74.9,383.0,128.07,511.06,0.18,0.0,0.0,0.0,73,307,Matheus,laptop-MATHEUS,empresaX
2026-04-06 14:32:17,8.1,2400.0,67.5,11.4,5.49,74.9,383.0,128.07,511.06,0.08,0.0,0.01,0.01,77,307,Matheus,laptop-MATHEUS,empresaX
2026-04-06 14:33:17,9.3,1520.0,69.2,11.69,5.2,74.9,383.0,128.07,511.06,0.0,0.0,0.0,0.0,90,308,Matheus,laptop-MATHEUS,empresaX
2026-04-06 14:34:17,3.5,1520.0,68.5,11.56,5.33,74.9,383.0,128.07,511.06,0.0,0.0,0.0,0.0,96,309,Matheus,laptop-MATHEUS,empresaX
2026-04-06 14:35:17,4.8,2400.0,66.1,11.16,5.73,74.9,383.0,128.07,511.06,0.06,0.0,0.0,0.0,86,306,Matheus,laptop-MATHEUS,empresaX
2026-04-06 14:36:17,4.1,2400.0,66.1,11.16,5.73,74.9,383.0,128.07,511.06,0.04,0.0,0.0,0.0,85,306,Matheus,laptop-MATHEUS,empresaX
2026-04-06 14:37:17,11.2,2400.0,67.4,11.38,5.51,74.9,383.0,128.07,511.06,0.04,0.0,0.0,0.0,87,312,Matheus,laptop-MATHEUS,empresaX
2026-04-06 14:38:17,6.6,2400.0,66.6,11.25,5.64,74.9,383.0,128.07,511.06,0.07,0.0,0.0,0.0,80,308,Matheus,laptop-MATHEUS,empresaX
2026-04-06 14:39:17,7.4,2400.0,68.5,11.56,5.33,74.9,383.0,128.07,511.06,0.0,0.0,0.0,0.0,79,307,Matheus,laptop-MATHEUS,empresaX
2026-04-06 14:40:17,22.0,2400.0,66.5,11.24,5.65,74.9,383.0,128.07,511.06,0.0,0.01,0.01,0.02,77,308,Matheus,laptop-MATHEUS,empresaX
2026-04-06 14:41:17,3.2,2400.0,65.0,10.97,5.92,74.9,383.0,128.07,511.06,0.0,0.0,0.0,0.01,70,308,Matheus,laptop-MATHEUS,empresaX
2026-04-06 14:42:17,4.1,2400.0,64.9,10.97,5.92,74.9,383.0,128.07,511.06,0.0,0.0,0.01,0.01,73,307,Matheus,laptop-MATHEUS,empresaX
2026-04-06 14:43:17,6.5,2400.0,64.4,10.88,6.01,74.9,383.0,128.07,511.06,0.0,0.0,0.0,0.0,72,306,Matheus,laptop-MATHEUS,empresaX
2026-04-06 14:44:17,3.0,2400.0,64.3,10.86,6.03,74.9,383.0,128.07,511.06,0.07,0.0,0.0,0.0,73,306,Matheus,laptop-MATHEUS,empresaX
2026-04-06 14:45:17,3.8,2400.0,63.4,10.71,6.18,74.9,383.0,128.07,511.06,0.0,0.0,0.0,0.0,75,306,Matheus,laptop-MATHEUS,empresaX
2026-04-06 14:46:17,3.1,1520.0,63.4,10.71,6.18,74.9,383.0,128.07,511.06,0.0,0.0,0.0,0.0,74,306,Matheus,laptop-MATHEUS,empresaX
2026-04-06 14:47:17,0.5,2400.0,63.6,10.74,6.15,74.9,383.0,128.07,511.06,0.0,0.0,0.0,0.0,72,310,Matheus,laptop-MATHEUS,empresaX
2026-04-06 14:48:17,0.5,2400.0,61.9,10.45,6.44,74.9,383.0,128.07,511.06,0.0,0.0,0.0,0.0,76,306,Matheus,laptop-MATHEUS,empresaX
2026-04-06 14:49:17,0.8,2400.0,61.9,10.46,6.43,74.9,383.0,128.07,511.06,0.0,0.0,0.0,0.0,77,307,Matheus,laptop-MATHEUS,empresaX
2026-04-06 14:50:17,0.9,1520.0,61.4,10.37,6.52,74.9,383.0,128.07,511.06,0.11,0.0,0.0,0.0,78,305,Matheus,laptop-MATHEUS,empresaX
2026-04-06 14:51:17,2.0,2400.0,63.0,10.63,6.26,74.9,383.0,128.07,511.06,0.1,0.0,0.0,0.0,78,307,Matheus,laptop-MATHEUS,empresaX
2026-04-06 14:52:17,5.3,2400.0,62.9,10.63,6.26,74.9,383.0,128.07,511.06,0.03,0.0,0.0,0.0,76,307,Matheus,laptop-MATHEUS,empresaX
2026-04-06 14:53:17,5.0,1520.0,62.7,10.59,6.3,74.9,383.0,128.07,511.06,0.0,0.0,0.0,0.0,74,305,Matheus,laptop-MATHEUS,empresaX
2026-04-06 14:54:17,4.5,1520.0,62.7,10.59,6.3,74.9,383.0,128.07,511.06,0.02,0.0,0.0,0.0,75,305,Matheus,laptop-MATHEUS,empresaX
2026-04-06 14:55:17,5.9,2400.0,62.8,10.6,6.29,74.9,383.0,128.07,511.06,0.06,0.0,0.0,0.0,80,306,Matheus,laptop-MATHEUS,empresaX
2026-04-06 14:56:17,3.6,2400.0,62.6,10.58,6.31,74.9,383.0,128.07,511.06,0.0,0.0,0.0,0.0,82,305,Matheus,laptop-MATHEUS,empresaX
2026-04-06 14:57:17,3.3,2400.0,62.6,10.57,6.32,74.9,383.0,128.07,511.06,0.0,0.0,0.0,0.0,76,305,Matheus,laptop-MATHEUS,empresaX
2026-04-06 14:58:17,4.2,1520.0,62.5,10.56,6.33,74.9,383.0,128.07,511.06,0.0,0.0,0.0,0.0,77,305,Matheus,laptop-MATHEUS,empresaX
2026-04-06 14:59:17,6.6,2400.0,61.7,10.43,6.46,74.9,383.0,128.07,511.06,0.0,0.0,0.01,0.01,78,305,Matheus,laptop-MATHEUS,empresaX
2026-04-06 15:00:17,3.5,2400.0,63.4,10.71,6.18,74.9,383.0,128.06,511.06,0.33,0.0,0.0,0.0,80,307,Matheus,laptop-MATHEUS,empresaX
2026-04-06 15:01:17,3.5,2400.0,62.3,10.53,6.36,74.9,383.0,128.06,511.06,0.0,0.0,0.0,0.0,74,305,Matheus,laptop-MATHEUS,empresaX
2026-04-06 15:02:17,6.5,1520.0,62.3,10.52,6.37,74.9,383.0,128.06,511.06,0.02,0.0,0.01,0.01,75,305,Matheus,laptop-MATHEUS,empresaX
2026-04-06 15:03:17,6.7,1520.0,62.4,10.54,6.35,74.9,383.0,128.06,511.06,0.06,0.0,0.0,0.0,75,305,Matheus,laptop-MATHEUS,empresaX
2026-04-06 15:04:17,3.0,2400.0,63.9,10.8,6.09,74.9,383.0,128.06,511.06,0.0,0.0,0.0,0.0,86,312,Matheus,laptop-MATHEUS,empresaX
2026-04-06 15:05:17,9.9,2400.0,64.2,10.84,6.05,74.9,383.0,128.06,511.06,0.01,0.0,0.01,0.02,87,309,Matheus,laptop-MATHEUS,empresaX
2026-04-06 15:06:17,5.6,1520.0,64.2,10.84,6.05,74.9,383.0,128.06,511.06,0.0,0.0,0.0,0.0,80,308,Matheus,laptop-MATHEUS,empresaX
2026-04-06 15:07:17,0.9,1520.0,64.4,10.88,6.01,74.9,383.0,128.06,511.06,0.01,0.0,0.0,0.0,83,311,Matheus,laptop-MATHEUS,empresaX
2026-04-06 15:08:17,0.7,2400.0,64.2,10.85,6.04,74.9,383.0,128.06,511.06,0.0,0.0,0.0,0.0,82,311,Matheus,laptop-MATHEUS,empresaX
2026-04-06 15:09:17,6.7,2400.0,65.1,10.99,5.9,74.9,383.0,128.06,511.06,0.07,0.0,0.0,0.0,81,314,Matheus,laptop-MATHEUS,empresaX
2026-04-06 15:10:17,9.4,1520.0,64.4,10.88,6.01,74.9,383.0,128.06,511.06,0.0,0.0,0.0,0.01,81,313,Matheus,laptop-MATHEUS,empresaX
2026-04-06 15:11:17,5.4,2400.0,64.1,10.83,6.06,74.9,383.0,128.06,511.06,0.06,0.0,0.0,0.0,77,310,Matheus,laptop-MATHEUS,empresaX
2026-04-06 15:12:17,3.5,2400.0,63.7,10.76,6.13,74.9,383.0,128.06,511.06,0.06,0.0,0.01,0.01,75,310,Matheus,laptop-MATHEUS,empresaX
2026-04-06 15:13:17,3.9,2400.0,63.7,10.76,6.13,74.9,383.0,128.06,511.06,0.0,0.0,0.0,0.0,75,309,Matheus,laptop-MATHEUS,empresaX
2026-04-06 15:14:17,5.4,1520.0,63.7,10.76,6.13,74.9,383.0,128.06,511.06,0.05,0.0,0.0,0.0,76,310,Matheus,laptop-MATHEUS,empresaX
2026-04-06 15:15:17,3.8,2400.0,62.6,10.57,6.32,74.9,383.0,128.06,511.06,0.04,0.0,0.0,0.0,77,305,Matheus,laptop-MATHEUS,empresaX
2026-04-06 15:16:17,2.0,2400.0,64.0,10.81,6.08,74.9,383.0,128.06,511.06,0.04,0.0,0.0,0.01,81,312,Matheus,laptop-MATHEUS,empresaX
2026-04-06 15:17:17,0.9,2400.0,61.3,10.35,6.54,74.9,383.0,128.06,511.06,0.0,0.0,0.0,0.0,76,307,Matheus,laptop-MATHEUS,empresaX
2026-04-06 15:18:17,1.0,1520.0,61.3,10.36,6.53,74.9,383.0,128.06,511.06,0.0,0.0,0.0,0.0,81,307,Matheus,laptop-MATHEUS,empresaX
2026-04-06 15:19:17,1.0,2400.0,61.3,10.36,6.53,74.9,383.0,128.06,511.06,0.0,0.0,0.0,0.0,81,308,Matheus,laptop-MATHEUS,empresaX
2026-04-06 15:20:17,0.7,2400.0,60.4,10.21,6.68,74.9,383.0,128.06,511.06,0.0,0.0,0.0,0.0,81,307,Matheus,laptop-MATHEUS,empresaX
2026-04-06 15:21:17,0.5,1520.0,60.6,10.23,6.66,74.9,383.0,128.06,511.06,0.05,0.0,0.0,0.0,77,307,Matheus,laptop-MATHEUS,empresaX
2026-04-06 15:22:17,1.2,1520.0,60.6,10.24,6.65,74.9,383.0,128.06,511.06,0.03,0.0,0.0,0.0,74,308,Matheus,laptop-MATHEUS,empresaX
2026-04-06 15:23:17,1.2,2400.0,60.6,10.24,6.65,74.9,383.0,128.06,511.06,0.01,0.0,0.0,0.0,74,308,Matheus,laptop-MATHEUS,empresaX
2026-04-06 15:24:17,0.5,1520.0,60.7,10.24,6.65,74.9,383.0,128.06,511.06,0.0,0.0,0.0,0.0,79,308,Matheus,laptop-MATHEUS,empresaX
2026-04-06 15:25:17,0.6,2400.0,60.6,10.24,6.65,74.9,383.0,128.06,511.06,0.0,0.0,0.0,0.0,82,308,Matheus,laptop-MATHEUS,empresaX
